url,listing_id,breed,litter_name,sire_name,dam_name,breeder_name,breeder_url,kennel_name,location,county,date_born,date_available,puppies_available,males_available,females_available,price,kc_registered,health_tested,health_tests,microchipped,vaccinated,wormed,vet_checked,five_star_breeder,assured_breeder,licensed_breeder,description,image_url,raw_card_text
https://www.champdogs.co.uk/litter/77165,77165,Dobermann,New Litter (Pending),,,,,,Nottinghamshire,,18th December 2025,,,,,,,Parents Health Tested,,,,,,,,,,,"Dobermann
*** New Litter ***
Nottinghamshire
18th December 2025
Parents Health Tested"
https://www.champdogs.co.uk/litter/77177,77177,Rottweiler,New Litter (Pending),,,,,,Cheshire,,13th February 2026,,,,,,,Parents Health Tested,,,,,,,,,,,"Rottweiler
*** New Litter ***
Cheshire
13th February 2026
Parents Health Tested"
https://www.champdogs.co.uk/litter/77176,77176,West Highland White Terrier,New Litter (Pending),,,,,,Norfolk,,12th December 2025,,,,,,,Parents Fully Health Tested,,,,,,,,,,,"West Highland White Terrier
*** New Litter ***
Norfolk
12th December 2025
Parents Fully Health Tested"
https://www.champdogs.co.uk/litter/77175,77175,Wire Haired Dachshund,New Litter (Pending),,,,,,Staffordshire,,22nd December 2025,,,,,,,Yes,,,,,,,,,,,"Wire Haired Dachshund
*** New Litter ***
Staffordshire
22nd December 2025
Sire Health Tested"
https://www.champdogs.co.uk/litter/77174,77174,Labrador Retriever,New Litter (Pending),,,,,,South Gloucestershire,,13th November 2025,,,,,,,Parents Fully Health Tested,,,,,,,,,,,"Labrador Retriever
*** New Litter ***
South Gloucestershire
13th November 2025
Parents Fully Health Tested"
https://www.champdogs.co.uk/litter/77173,77173,Staffordshire Bull Terrier,New Litter (Pending),,,,,,Staffordshire,,22nd October 2025,,,,,,,Yes,,,,,,,,,,,"Staffordshire Bull Terrier
*** New Litter ***
Manchester
22nd October 2025
Dam Fully Health Tested"
https://www.champdogs.co.uk/litter/77172,77172,Hungarian Vizsla,New Litter (Pending),,,,,,Lancashire,,6th January 2026,,,,,,,Parents Health Tested,,,,,,,,,,,"Hungarian Vizsla
*** New Litter ***
Lancashire
6th January 2026
Parents Health Tested"
https://www.champdogs.co.uk/litter/77171,77171,Wire Haired Dachshund,New Litter (Pending),,,,,,Powys,,31st January 2026,,,,,,,Yes,,,,,,,,,,,"Wire Haired Dachshund
*** New Litter ***
Powys
31st January 2026
Sire Health Tested"
https://www.champdogs.co.uk/litter/77170,77170,Golden Retriever,New Litter (Pending),,,,,,Kent,,22nd April 2026,,,,,,,Yes,,,,,,,,,,,"Golden Retriever
*** New Litter ***
Kent
22nd April 2026
Sire Fully Health Tested
Dam Health Tested"
https://www.champdogs.co.uk/litter/77169,77169,Boston Terrier,New Litter (Pending),,,,,,Kent,,25th February 2026,,,,,,,Parents Health Tested,,,,,,,,,,,"Boston Terrier
*** New Litter ***
Kent
25th February 2026
Parents Health Tested"
https://www.champdogs.co.uk/litter/77167,77167,Labrador Retriever,New Litter (Pending),,,,,,Yorkshire,,16th January 2026,,,,,,,Parents Fully Health Tested,,,,,,,,,,,"Labrador Retriever
*** New Litter ***
N Yorkshire
16th January 2026
Parents Fully Health Tested"
https://www.champdogs.co.uk/litter/77166,77166,Staffordshire Bull Terrier,New Litter (Pending),,,,,,Staffordshire,,8th December 2025,,,,,,,Yes,,,,,,,,,,,"Staffordshire Bull Terrier
*** New Litter ***
Essex
8th December 2025
Sire Health Tested"
https://www.champdogs.co.uk/litter/77159,77159,Flat Coated Retriever,New Litter (Pending),,,,,,,,13th January 2026,,,,,,,Parents Fully Health Tested,,,,,,,,,,,"Flat Coated Retriever
*** New Litter ***
Co. Wexford
13th January 2026
Parents Fully Health Tested"
https://www.champdogs.co.uk/litter/77164,77164,Border Terrier,Bramblelot - Litter of Dual Purpose Border Terrier Puppies,,Bramblelot Electra,Bramblelot,https://www.champdogs.co.uk/breeder/446827,,East Sussex,,16th January 2026,,,,,,,Yes,,,,,,,,,,,"Border Terrier
Molevalley My Polyester x Bramblelot Electra
East Sussex
16th January 2026
Sire Fully Health Tested"
https://www.champdogs.co.uk/litter/77163,77163,Cocker Spaniel,FALTRUADH - Litter of Working Cocker Spaniel Puppies,,Kenxtwen Worthy Cause,FALTRUADH,https://www.champdogs.co.uk/breeder/399426,,lothian,,14th March 2026,,,,,,,Parents Health Tested,,,Yes,,,,,,,,"Cocker Spaniel
Auchendinny Wonderwall x Kenxtwen Worthy Cause
Midlothian
14th March 2026
Parents Health Tested"
https://www.champdogs.co.uk/litter/77162,77162,Golden Retriever,Litter of Show Golden Retriever Puppies,,,Jean Cullen,https://www.champdogs.co.uk/breeder/545235,,,,31st December 2025,,,,,,,Parents Health Tested,,,,,,,,,,,"Golden Retriever
Haremounts Buddy x Elizabeth Favourite Gold Friends (Ukr)
Co. Wexford
31st December 2025
Parents Health Tested"
https://www.champdogs.co.uk/litter/77161,77161,Labrador Retriever,Gingerfox - Litter of Working Labrador Retriever Puppies,,Gingerfox Annie,Gingerfox,https://www.champdogs.co.uk/breeder/391725,,Yorkshire,,28th January 2026,,,,,,,Parents Fully Health Tested,,,,,,,,,,,"Labrador Retriever
Aglabs In Your Honour x Gingerfox Annie
East Riding of Yorkshire
28th January 2026
Parents Fully Health Tested"
https://www.champdogs.co.uk/litter/77160,77160,Cocker Spaniel,Litter of Show Cocker Spaniel Puppies,,Aylesmead Wishes and Kisses,Jayne Wilkinson,https://www.champdogs.co.uk/breeder/92791,,Northumberland,,13th January 2026,,,,,,,Parents Health Tested,,,,,,,,,,,"Cocker Spaniel
Orange Creamsicle x Aylesmead Wishes and Kisses
Northumberland
13th January 2026
Parents Health Tested"
https://www.champdogs.co.uk/litter/77158,77158,Cavalier King Charles Spaniel,eikandi - Litter of Show Cavalier King Charles Spaniel Puppies,,"Rishtte Tala May
Nottingham",eikandi,https://www.champdogs.co.uk/breeder/8519,,,,12th November 2025,,,,,,Yes,Parents Health Tested,,Yes,,,,,,,,,"Cavalier King Charles Spaniel
Frondil Dandy Lion x Rishtte Tala May
Nottingham
12th November 2025
Parents Health Tested"
https://www.champdogs.co.uk/litter/77155,77155,Golden Retriever,Litter of Dual Purpose Golden Retriever Puppies,,Jolayne Mercury Rising,Joanne Smith,https://www.champdogs.co.uk/breeder/34835,,Staffordshire,,7th January 2026,,,,,,Yes,Parents Health Tested,,,,Yes,,,,,,,"Golden Retriever
In Love Dreams Animal Triumph x Jolayne Mercury Rising
Staffordshire
7th January 2026
Parents Health Tested"
https://www.champdogs.co.uk/litter/77154,77154,Labrador Retriever,EBESHB - Litter of Show Labrador Retriever Puppies,,Ebeshb Test of Love,EBESHB,https://www.champdogs.co.uk/breeder/59762,,East Yorkshire,,14th January 2026,,,,,,,Yes,,,,,,Yes,,,,,"Labrador Retriever
Ebeshb Vision Shared x Ebeshb Test of Love
East Yorkshire
14th January 2026
Sire Fully Health Tested
Dam Health Tested"
https://www.champdogs.co.uk/litter/77153,77153,French Bulldog,Aidaarethan - Litter of Show French Bulldog Puppies,,Leyenda Hotline Bling,Aidaarethan,https://www.champdogs.co.uk/breeder/475264,,,,9th December 2025,,,,,,,Parents Health Tested,,,,,,,,,,,"French Bulldog
Foxybullz Yogie Bear von Leyenda x Leyenda Hotline Bling
West Dunbartonshire
9th December 2025
Parents Health Tested"
https://www.champdogs.co.uk/litter/77152,77152,Border Terrier,Whelpstone Border Terrier & Labradors - Litter of Dual Purpose Border Terrier Puppies,ShCM,Kenxtwen Daisy Roots,Whelpstone Border Terrier & Labradors,https://www.champdogs.co.uk/breeder/418688,,North Yorkshire,,8th January 2026,,,,,"£1,500",,Parents Fully Health Tested,,,,Yes,,,,,,,"Border Terrier
Chorbeck Chatty Man JW ShCM x Kenxtwen Daisy Roots
North Yorkshire
8th January 2026
Parents Fully Health Tested"
https://www.champdogs.co.uk/litter/77150,77150,Dalmatian,Dalarisa - Litter of Dual Purpose Dalmatian Puppies,,Dalfellin Agape at Dalarisa,Dalarisa,https://www.champdogs.co.uk/breeder/222735,,Essex,,25th March 2026,,,,,,,Parents Health Tested,,,,,,,,,,,"Dalmatian
Offordale Grenadier x Dalfellin Agape at Dalarisa
Essex
25th March 2026
Parents Health Tested"
https://www.champdogs.co.uk/litter/77149,77149,Cavalier King Charles Spaniel,Litter of Show Cavalier King Charles Spaniel Puppies,,Jolainey Real Dream,Samantha Passmore,https://www.champdogs.co.uk/breeder/538451,,Hampshire,,5th January 2026,,,,,,,Parents Health Tested,,,,,,,,,,,"Cavalier King Charles Spaniel
Szolohegyi Bitanguzo Sady (Imp Hun) x Jolainey Real Dream
Hampshire
5th January 2026
Parents Health Tested"
https://www.champdogs.co.uk/litter/77148,77148,Hungarian Vizsla,Cotswoldawn Hungarian Vizslas - Litter of Dual Purpose Hungarian Vizsla Puppies,,Cotswoldawn Dibble,Cotswoldawn Hungarian Vizslas,https://www.champdogs.co.uk/breeder/545527,,Worcestershire,,20th December 2025,,,,,,Yes,Yes,,Yes,,Yes,,,,,,,"Hungarian Vizsla
Theon Greyjoy x Cotswoldawn Dibble
Worcestershire
20th December 2025
Sire Fully Health Tested
Dam Health Tested"
https://www.champdogs.co.uk/litter/77147,77147,Miniature Schnauzer,Trefaldwyn - Litter of Dual Purpose Miniature Schnauzer Puppies,,Lloegr Take A Chance,Trefaldwyn,https://www.champdogs.co.uk/breeder/24722,,Powys,,26th December 2025,,,,,,,Parents Health Tested,,,Yes,Yes,,,,,,,"Miniature Schnauzer
Lloegr Llewellyn of Trefaldwyn x Lloegr Take A Chance
Powys
26th December 2025
Parents Health Tested"
https://www.champdogs.co.uk/litter/77146,77146,Hungarian Wirehaired Vizsla,Fosterwold - Litter of Working Hungarian Wirehaired Vizsla Puppies,,Fosterwold Mindy,Fosterwold,https://www.champdogs.co.uk/breeder/135063,,North Yorkshire,,16th December 2025,,,,,,,Parents Fully Health Tested,,,Yes,,,,,,,,"Hungarian Wirehaired Vizsla
Love of My Life Wyzellovel (Imp Pol) x Fosterwold Mindy
North Yorkshire
16th December 2025
Parents Fully Health Tested"
https://www.champdogs.co.uk/litter/77144,77144,Miniature Long Haired Dachshund,Opiedax - Litter of Show Miniature Long Haired Dachshund Puppies,,Dollybubbas Eternal,Opiedax,https://www.champdogs.co.uk/breeder/391938,,Hampshire,,16th December 2025,,,,,,Yes,Yes,,Yes,,,,,,,,,"Miniature Long Haired Dachshund
Emeraldax Nutcracker x Dollybubbas Eternal
Hampshire
16th December 2025
Sire Health Tested"
https://www.champdogs.co.uk/litter/77101,77101,English Springer Spaniel,Tolkienhurst - Litter of Working English Springer Spaniel Puppies,Ch Heathcroft Declan of Breckmarsh,Edgegrove Adita of Tolkienhurst,Tolkienhurst,https://www.champdogs.co.uk/breeder/48947,,Lancashire,,14th January 2026,,,,,£300,,Parents Health Tested,,Yes,Yes,,,Yes,,,,,"English Springer Spaniel
Ft Ch Heathcroft Declan of Breckmarsh x Edgegrove Adita of Tolkienhurst
Lancashire
14th January 2026
Parents Health Tested"
https://www.champdogs.co.uk/litter/77142,77142,Labrador Retriever,Cuffstar - Litter of Working Labrador Retriever Puppies,,Cuffstar's Vixen,Cuffstar,https://www.champdogs.co.uk/breeder/95200,,North Devon,,10th January 2026,,,,,£400,,Parents Health Tested,,Yes,,Yes,,,,Yes,,,"Labrador Retriever
The Valley of Scarlet x Cuffstar's Vixen
North Devon
10th January 2026
Parents Health Tested"
https://www.champdogs.co.uk/litter/77141,77141,Miniature Long Haired Dachshund,Dashgram - Litter of Show Miniature Long Haired Dachshund Puppies,,Dashgram Bellis Perennis,Dashgram,https://www.champdogs.co.uk/breeder/420774,,Flintshire,,10th December 2025,,,,,,,Parents Health Tested,,,,,,,,,,,"Miniature Long Haired Dachshund
Lavish Love at Onadaire x Dashgram Bellis Perennis
Flintshire
10th December 2025
Parents Health Tested"
https://www.champdogs.co.uk/litter/77140,77140,Labrador Retriever,Bradridge - Litter of Working Labrador Retriever Puppies,,Mordonmanor Brandy Snap of Bradridge,Bradridge,https://www.champdogs.co.uk/breeder/107363,,Devon,,14th January 2026,,,,,,,Yes,,Yes,,Yes,,,,,,,"Labrador Retriever
Kenzduo Bonfire Glow of Bradridge x Mordonmanor Brandy Snap of Bradridge
Devon
14th January 2026
Sire Fully Health Tested
Dam Health Tested"
https://www.champdogs.co.uk/litter/77110,77110,Standard Poodle,Shantallah - Litter of Dual Purpose Standard Poodle Puppies,Ch Hallifax Hightide Hedonist at Afterglow (Imp Usa),,Shantallah,https://www.champdogs.co.uk/breeder/3389,,Cumbria,,7th November 2025,,,,,,Yes,Parents Health Tested,,Yes,Yes,,,,,,,,"Standard Poodle
Ch Hallifax Hightide Hedonist at Afterglow (Imp Usa) x Smart Connection Electric Afterglow for Shantallah (Imp Pt)
Cumbria
7th November 2025
Parents Health Tested"
https://www.champdogs.co.uk/litter/77138,77138,German Shorthaired Pointer,RIVERNHARG - Litter of Dual Purpose German Shorthaired Pointer Puppies,Sh Ch Winterwell Maida Stone,Rivernharg Cutsie Coot,RIVERNHARG,https://www.champdogs.co.uk/breeder/57811,,Buckinghamshire,,14th February 2026,,,,,,,Yes,,,,Yes,,,,,,,"German Shorthaired Pointer
Sh Ch Winterwell Maida Stone x Rivernharg Cutsie Coot
Buckinghamshire
14th February 2026
Sire Fully Health Tested
Dam Health Tested"
https://www.champdogs.co.uk/litter/77137,77137,Hungarian Vizsla,OROSHAZA - Litter of Dual Purpose Hungarian Vizsla Puppies,,Oroshaza Foggieloan Bailey,OROSHAZA,https://www.champdogs.co.uk/breeder/33489,,Tayside,,11th January 2026,,,,,,,Yes,,,,,,,,,,,"Hungarian Vizsla
Betekints Kende with Oroshaza (Imp Hun) x Oroshaza Foggieloan Bailey
Tayside
11th January 2026
Sire Fully Health Tested
Dam Health Tested"
https://www.champdogs.co.uk/litter/77134,77134,Labrador Retriever,Flyenpyg - Litter of Show Labrador Retriever Puppies,,"Flyenpyg Amy Swinehouse JW
Lancs",Flyenpyg,https://www.champdogs.co.uk/breeder/28297,,,,20th December 2025,,,,,,,Yes,,,,,,,,,,,"Labrador Retriever
Binnaig Sea Barnacle On Flyenpyg JW x Flyenpyg Amy Swinehouse JW
Lancs
20th December 2025
Sire Fully Health Tested
Dam Health Tested"
https://www.champdogs.co.uk/litter/77133,77133,Golden Retriever,Litter of Show Golden Retriever Puppies,,"Standelbec Martina
Vale of Glamorgan",Ci aur llyn retrievers,https://www.champdogs.co.uk/breeder/429571,,,,21st February 2026,,,,,,,Parents Health Tested,,,,,,,,,,,"Golden Retriever
Johnsongrace Choccy Chip x Standelbec Martina
Vale of Glamorgan
21st February 2026
Parents Health Tested"
https://www.champdogs.co.uk/litter/77132,77132,Border Collie,Donsedohr - Litter of Dual Purpose Border Collie Puppies,,Donsedohr Moncreiffe Maid,Donsedohr,https://www.champdogs.co.uk/breeder/260783,,South Yorkshire,,2nd January 2026,,,,,£250,,Parents Health Tested,,Yes,,Yes,,,,,,,"Border Collie
Rock Me Amadeus Wolfgang x Donsedohr Moncreiffe Maid
South Yorkshire
2nd January 2026
Parents Health Tested"
https://www.champdogs.co.uk/litter/77131,77131,Miniature Schnauzer,RAINBOWPAWS - Litter of Dual Purpose Miniature Schnauzer Puppies,,Silver'winhunters Serena Imp Rus,RAINBOWPAWS,https://www.champdogs.co.uk/breeder/36953,,Norfolk,,7th November 2025,,,,,,,Parents Health Tested,,,,,,,,,,,"Miniature Schnauzer
Ales Di Fortuna and Easy Win x Silver'winhunters Serena Imp Rus
Norfolk
7th November 2025
Parents Health Tested"
https://www.champdogs.co.uk/litter/77130,77130,Jack Russell Terrier,Thornywait - Litter of Show Jack Russell Terrier Puppies,,Putjade Cinnamon Swirl,Thornywait,https://www.champdogs.co.uk/breeder/2037,,Leicestershire,,7th February 2026,,,,,,Yes,Yes,,,,,,,,,,,"Jack Russell Terrier
Calavey's Illusionist x Putjade Cinnamon Swirl
Leicestershire
7th February 2026
Sire Fully Health Tested"
https://www.champdogs.co.uk/litter/77126,77126,Labrador Retriever,SASSJEND - Litter of Show Labrador Retriever Puppies,ShCEx,Ansjoros Goldilocks,SASSJEND,https://www.champdogs.co.uk/breeder/540835,,Suffolk,,3rd December 2025,,,,,,,Parents Fully Health Tested,,,,,,,,,,,"Labrador Retriever
Magnavalleys Cornishman ShCEx x Ansjoros Goldilocks
Suffolk
3rd December 2025
Parents Fully Health Tested"
https://www.champdogs.co.uk/litter/77118,77118,Golden Retriever,WINTERWOLD - Litter of Dual Purpose Golden Retriever Puppies,,Kenleap Dragonfly,WINTERWOLD,https://www.champdogs.co.uk/breeder/224404,,Lincolnshire,,14th December 2025,,,,,,Yes,Parents Health Tested,,Yes,,Yes,,,,,,,"Golden Retriever
Burtoncroft Eiswein x Kenleap Dragonfly
Lincolnshire
14th December 2025
Parents Health Tested"
https://www.champdogs.co.uk/litter/77125,77125,Whippet,Litter of Dual Purpose Whippet Puppies,Ch Collooney Eat My Shorts at Runforest JW,"Heavenshire Moon Halo
Tyne and Wear",Gareth Bainbridge,https://www.champdogs.co.uk/breeder/545012,,,,21st November 2025,,,,,,,,,,,,,,,,,,"Whippet
Ch Collooney Eat My Shorts at Runforest JW x Heavenshire Moon Halo
Tyne and Wear
21st November 2025"
https://www.champdogs.co.uk/litter/77124,77124,Labrador Retriever,Morkulla - Litter of Working Labrador Retriever Puppies,Ch Rowpainter Othello,"Birdsgreen Poetry at Morkulla
N Yorks",Morkulla,https://www.champdogs.co.uk/breeder/35333,,,,10th March 2026,,,,,,,Yes,,,,,,,,,,,"Labrador Retriever
Ft Ch Rowpainter Othello x Birdsgreen Poetry at Morkulla
N Yorks
10th March 2026
Sire Health Tested
Dam Fully Health Tested"
https://www.champdogs.co.uk/litter/77123,77123,Standard Poodle,Altalune - Litter of Dual Purpose Standard Poodle Puppies,,Altalune Sweet Euphoria,Altalune,https://www.champdogs.co.uk/breeder/362674,,Berkshire,,31st December 2025,,,,,£2000,Yes,Parents Health Tested,,Yes,,,,,,,,,"Standard Poodle
No Pyro No Party x Altalune Sweet Euphoria
Berkshire
31st December 2025
Parents Health Tested"
https://www.champdogs.co.uk/litter/77120,77120,Whippet,SILKRIDGE - Litter of Show Whippet Puppies,,West Chelan Just Josie with Silkridge,SILKRIDGE,https://www.champdogs.co.uk/breeder/87120,,Flintshire,,22nd December 2025,,,,,,,Yes,,,,,,,,,,,"Whippet
Wolfscastle Crown Jules x West Chelan Just Josie with Silkridge
Flintshire
22nd December 2025
Sire Fully Health Tested"
https://www.champdogs.co.uk/litter/77119,77119,Basset Hound,REVEROS - Litter of Show Basset Hound Puppies,,What Love Is Lita Giraites Unija,REVEROS,https://www.champdogs.co.uk/breeder/388193,,Northamptonshire,,29th December 2025,,,,,,,Parents Health Tested,,,,Yes,,,,,,,"Basset Hound
Wildebeest Will V Grunsven (Imp Nld) x What Love Is Lita Giraites Unija
Northamptonshire
29th December 2025
Parents Health Tested"
https://www.champdogs.co.uk/litter/77117,77117,Havanese,Kaspurgold - Litter of Show Havanese Puppies,Ch Adorele Master of The House,Locoka Missy Bee,Kaspurgold,https://www.champdogs.co.uk/breeder/9868,,Somerset,,21st December 2025,,,,,,Yes,Parents Fully Health Tested,,,,,,,,,,,"Havanese
Ch Adorele Master of The House x Locoka Missy Bee
Somerset
21st December 2025
Parents Fully Health Tested"
https://www.champdogs.co.uk/litter/77116,77116,Shetland Sheepdog,Prince of Sunlight - Litter of Dual Purpose Shetland Sheepdog Puppies,Ch Stasyline Discovery,"Prince of Sunlight Piritta
Hungary",Prince of Sunlight,https://www.champdogs.co.uk/breeder/10120,,,,25th December 2025,,,,,,,Parents Health Tested,,,,,,,,,,,"Shetland Sheepdog
Rus Ch Stasyline Discovery x Prince of Sunlight Piritta
Hungary
25th December 2025
Parents Health Tested"
https://www.champdogs.co.uk/litter/77112,77112,Labrador Retriever,Trewinnard - Litter of Show Labrador Retriever Puppies,Sh Ch Binnaig Bonnach for Tullochmohr JW,Trewinnard Bespoke,Trewinnard,https://www.champdogs.co.uk/breeder/43564,,Somerset,,5th January 2026,,,,,,,Yes,,,,,,,,,,,"Labrador Retriever
Sh Ch Binnaig Bonnach for Tullochmohr JW x Trewinnard Bespoke
Somerset
5th January 2026
Sire Health Tested
Dam Fully Health Tested"
https://www.champdogs.co.uk/litter/77093,77093,Scottish Terrier,RILYNSON - Litter of Show Scottish Terrier Puppies,,"Glengracie Tak The High Road to Rilynson
Isle of Wight",RILYNSON,https://www.champdogs.co.uk/breeder/540601,,,,31st October 2025,,,,,,Yes,,,,,,,,,,,,"Scottish Terrier
Berrybreeze Tonka Bean x Glengracie Tak The High Road to Rilynson
Isle of Wight
31st October 2025"
https://www.champdogs.co.uk/litter/77115,77115,Labrador Retriever,Chaysehollow Labradors - Litter of Working Labrador Retriever Puppies,Ch Etomanni Missouri,Chaysehollow's Aurelia,Chaysehollow Labradors,https://www.champdogs.co.uk/breeder/85754,,Warwickshire,,21st December 2025,,,,,,,Parents Fully Health Tested,,Yes,,Yes,,,,Yes,,,"Labrador Retriever
Ft Ch Etomanni Missouri x Chaysehollow's Aurelia
Warwickshire
21st December 2025
Parents Fully Health Tested"
https://www.champdogs.co.uk/litter/77114,77114,Rhodesian Ridgeback,PENHOLDA - Litter of Dual Purpose Rhodesian Ridgeback Puppies,Ch Hespa Hermes JW,Penholda Sweet Lady JW,PENHOLDA,https://www.champdogs.co.uk/breeder/73540,,,,10th June 2026,,,,,,,Parents Fully Health Tested,,,,,,,,,,,"Rhodesian Ridgeback
Ch Hespa Hermes JW x Penholda Sweet Lady JW
Cleveland
10th June 2026
Parents Fully Health Tested"
https://www.champdogs.co.uk/litter/77113,77113,Golden Retriever,ROBYNGRACE - Litter of Working Golden Retriever Puppies,,Celynbryn Day Dreamer,ROBYNGRACE,https://www.champdogs.co.uk/breeder/506458,,West Glamorgan,,5th February 2026,,,,,,Yes,Parents Fully Health Tested,,Yes,,,,,,,,,"Golden Retriever
Brynbachlove Lion's Heart x Celynbryn Day Dreamer
West Glamorgan
5th February 2026
Parents Fully Health Tested"
https://www.champdogs.co.uk/litter/77111,77111,Miniature Poodle,Starmarla - Litter of Dual Purpose Miniature Poodle Puppies,,Starianna Jessie Jay with Starmarla,Starmarla,https://www.champdogs.co.uk/breeder/540133,,Lancashire,,5th November 2025,,,,,,Yes,Parents Health Tested,,Yes,,Yes,,,,,,,"Miniature Poodle
Silvora Cristal Star JW x Starianna Jessie Jay with Starmarla
Lancashire
5th November 2025
Parents Health Tested"
https://www.champdogs.co.uk/litter/77109,77109,Cavalier King Charles Spaniel,leeabbie - Litter of Dual Purpose Cavalier King Charles Spaniel Puppies,,Leeabbie Proud Rosie,leeabbie,https://www.champdogs.co.uk/breeder/27544,,Derbyshire,,15th December 2025,,,,,,,Parents Health Tested,,Yes,,,,,,Yes,,,"Cavalier King Charles Spaniel
Kettreana Jack Flash x Leeabbie Proud Rosie
Derbyshire
15th December 2025
Parents Health Tested"
https://www.champdogs.co.uk/litter/77108,77108,Labrador Retriever,Litter of Working Labrador Retriever Puppies,,Greenfox Jupiter,Lynette Cobb,https://www.champdogs.co.uk/breeder/539585,,Norfolk,,13th September 2025,,,,,,,Yes,,,,,,,,,,,"Labrador Retriever
Greenfox Gallant x Greenfox Jupiter
Norfolk
13th September 2025
Sire Fully Health Tested
Dam Health Tested"
https://www.champdogs.co.uk/litter/77107,77107,English Springer Spaniel,Finnavale - Litter of Working English Springer Spaniel Puppies,Ch Ddraighelwyr Blaidd,Churail Candour of Finnavale,Finnavale,https://www.champdogs.co.uk/breeder/171977,,Suffolk,,20th March 2026,,,,,,,Parents Health Tested,,,,,,,,,,,"English Springer Spaniel
Ft Ch Ddraighelwyr Blaidd x Churail Candour of Finnavale
Suffolk
20th March 2026
Parents Health Tested"
https://www.champdogs.co.uk/litter/77106,77106,German Shepherd,Litter of Dual Purpose German Shepherd Dog Puppies,,"Ylanris Isabella
Edinburgh",Linda Gaffin,https://www.champdogs.co.uk/breeder/544663,,,,17th January 2026,,,,,,Yes,Yes,,Yes,,Yes,,,,,,,"German Shepherd Dog
Zeuss z Vodnanske Doliny at Rockforce (Imp Cze) x Ylanris Isabella
Edinburgh
17th January 2026
Sire Fully Health Tested
Dam Health Tested"
https://www.champdogs.co.uk/litter/77105,77105,Cocker Spaniel,Hartbriar - Litter of Working Cocker Spaniel Puppies,,Hartbriar Hawkridge,Hartbriar,https://www.champdogs.co.uk/breeder/335235,,Hampshire,,25th February 2026,,,,,,Yes,Parents Fully Health Tested,,,,,,,,,,,"Cocker Spaniel
Kenxtwen Drizzle Hartbriar x Hartbriar Hawkridge
Hampshire
25th February 2026
Parents Fully Health Tested"
https://www.champdogs.co.uk/litter/77104,77104,Labrador Retriever,Westwoodlabs - Litter of Dual Purpose Labrador Retriever Puppies,,Westwoodlabs Make A Mint,Westwoodlabs,https://www.champdogs.co.uk/breeder/122160,,Derbyshire,,14th March 2026,,,,,,,Parents Health Tested,,Yes,,Yes,,,,,,,"Labrador Retriever
Westwoodlabs Mr Lover Lover x Westwoodlabs Make A Mint
Derbyshire
14th March 2026
Parents Health Tested"
https://www.champdogs.co.uk/litter/77103,77103,Labrador Retriever,Westwoodlabs - Litter of Working Labrador Retriever Puppies,,Westwoodlabs Best Friend,Westwoodlabs,https://www.champdogs.co.uk/breeder/122160,,Derbyshire,,23rd February 2026,,,,,,,Yes,,Yes,,Yes,,,,,,,"Labrador Retriever
Brooksflight Gambler x Westwoodlabs Best Friend
Derbyshire
23rd February 2026
Sire Fully Health Tested
Dam Health Tested"
https://www.champdogs.co.uk/litter/77102,77102,Border Collie,Chastanse - Litter of Dual Purpose Border Collie Puppies,Sh Ch Tidespring Tonight I Am Here at Tonkory JW,,Chastanse,https://www.champdogs.co.uk/breeder/540806,,Buckinghamshire,,6th February 2026,,,,,,,Parents Health Tested,,Yes,,,,,,,,,"Border Collie
Sh Ch Tidespring Tonight I Am Here at Tonkory JW x Chastanse Oxford Blue (Awb)
Buckinghamshire
6th February 2026
Parents Health Tested"
https://www.champdogs.co.uk/litter/77097,77097,Border Collie,Nashdom - Litter of Show Border Collie Puppies,,"Nashdom Three Times A Lady
Oxon",Nashdom,https://www.champdogs.co.uk/breeder/14884,,,,8th December 2025,,,,,,,Parents Health Tested,,,,,,,,,,,"Border Collie
Nashdom All Eyes On You JW x Nashdom Three Times A Lady
Oxon
8th December 2025
Parents Health Tested"
https://www.champdogs.co.uk/litter/77096,77096,Cavalier King Charles Spaniel,Llapsttam - Litter of Dual Purpose Cavalier King Charles Spaniel Puppies,Ch Llapsttam's Heavenly Scent,Korraines Fanfare for Llapsttam,Llapsttam,https://www.champdogs.co.uk/breeder/61224,,,,27th November 2025,,,,,,Yes,Parents Health Tested,,Yes,,Yes,,,,,,,"Cavalier King Charles Spaniel
Ch Llapsttam's Heavenly Scent x Korraines Fanfare for Llapsttam
North East Lincs
27th November 2025
Parents Health Tested"
https://www.champdogs.co.uk/litter/77095,77095,Shih Tzu,MINFAA - Litter of Dual Purpose Shih Tzu Puppies,,Minfaa Flash Dancer,MINFAA,https://www.champdogs.co.uk/breeder/25934,,Mid Glamorgan,,29th December 2025,,,,,,,,,,,,,,,,,,"Shih Tzu
Minfaa The Last Dance x Minfaa Flash Dancer
Mid Glamorgan
29th December 2025"
https://www.champdogs.co.uk/litter/77092,77092,Labrador Retriever,Netherdene - Litter of Show Labrador Retriever Puppies,,Irislav Hakuna Matata at Netherdene,Netherdene,https://www.champdogs.co.uk/breeder/152053,,Derbyshire,,18th December 2025,,,,,,Yes,Parents Health Tested,,Yes,,,,Yes,,Yes,,,"Labrador Retriever
Mallorn's Tattoo In Rocheby (Imp Fin) x Irislav Hakuna Matata at Netherdene
Derbyshire
18th December 2025
Parents Health Tested"
https://www.champdogs.co.uk/litter/77089,77089,Labrador Retriever,ESMALLENLAB - Litter of Show Labrador Retriever Puppies,,"Labracity Jade at Esmallenlab
Durham",ESMALLENLAB,https://www.champdogs.co.uk/breeder/201843,,Durham,,4th March 2026,,,,,£1800,,Parents Fully Health Tested,,,,,,,,,,,"Labrador Retriever
Claychalk Nautilus at Esmallenlab x Labracity Jade at Esmallenlab
Durham
4th March 2026
Parents Fully Health Tested"
https://www.champdogs.co.uk/litter/77088,77088,Cocker Spaniel,Litter of Working Cocker Spaniel Puppies,,Vee Ra,Chris Moore,https://www.champdogs.co.uk/breeder/323942,,Northumberland,,24th December 2025,,,,,,Yes,Parents Health Tested,,Yes,,,,,,,,,"Cocker Spaniel
Moelarthur Governor x Vee Ra
Northumberland
24th December 2025
Parents Health Tested"
https://www.champdogs.co.uk/litter/77087,77087,Hungarian Vizsla,Fairwayview - Litter of Dual Purpose Hungarian Vizsla Puppies,,"Fairwayview Ginger Rogers
Manchester",Fairwayview,https://www.champdogs.co.uk/breeder/366470,,,,12th January 2026,,,,,,,Parents Fully Health Tested,,Yes,,,,,,,,,"Hungarian Vizsla
London Magyar Tim for Kinharrachie x Fairwayview Ginger Rogers
Manchester
12th January 2026
Parents Fully Health Tested"
https://www.champdogs.co.uk/litter/77083,77083,Bernese Mountain Dog Amedea Eugene Elton,RoundThorn Bernese - Litter of Dual Purpose Bernese Mountain Dog Puppies,,Grovehill Molly,RoundThorn Bernese,https://www.champdogs.co.uk/breeder/89775,,Northern Ireland,,24th December 2025,,,,,,,Parents Fully Health Tested,,Yes,,Yes,,,,,,,"Bernese Mountain Dog
Amedea Eugene Elton x Grovehill Molly
Northern Ireland
24th December 2025
Parents Fully Health Tested"
https://www.champdogs.co.uk/litter/77086,77086,Standard Poodle,Litter of Dual Purpose Standard Poodle Puppies,Ch Montravia Dark Affair,Lady Gypsy,Shena Watson,https://www.champdogs.co.uk/breeder/67446,,Derbyshire,,3rd January 2026,,,,,,Yes,Parents Health Tested,,Yes,,,,,,,,,"Standard Poodle
Ir Ch Montravia Dark Affair x Lady Gypsy
Derbyshire
3rd January 2026
Parents Health Tested"
https://www.champdogs.co.uk/litter/77085,77085,Golden Retriever,CHUFFEXE - Litter of Show Golden Retriever Puppies,Ch Lady Sue Come Together at Strettonhill (Imp Hrv),Chuffexe Estuary Princess,CHUFFEXE,https://www.champdogs.co.uk/breeder/59464,,Devon,,17th February 2026,,,,,,,Parents Fully Health Tested,,,,,,,,,,,"Golden Retriever
Bih Ch Lady Sue Come Together at Strettonhill (Imp Hrv) x Chuffexe Estuary Princess
Devon
17th February 2026
Parents Fully Health Tested"
https://www.champdogs.co.uk/litter/77081,77081,Labrador Retriever,Mochuto Labradors - Litter of Dual Purpose Labrador Retriever Puppies,,Aglabs Perfectly Prudent at Mochuto,Mochuto Labradors,https://www.champdogs.co.uk/breeder/51826,,Herefordshire,,25th February 2026,,,,,,,Parents Fully Health Tested,,,,,,,,,,,"Labrador Retriever
Mochuto Hot Off The Press x Aglabs Perfectly Prudent at Mochuto
Herefordshire
25th February 2026
Parents Fully Health Tested"
https://www.champdogs.co.uk/litter/77079,77079,Korthals Griffon Griffinorr Isulfr for Hundr (Imp Swe),Hundr Korthals - Litter of Dual Purpose Korthals Griffon Puppies,,Hundr's Nanna's Joy,Hundr Korthals,https://www.champdogs.co.uk/breeder/433333,,Worcestershire,,10th February 2026,,,,,,,Parents Health Tested,,,,,,,,,,,"Korthals Griffon
Griffinorr Isulfr for Hundr (Imp Swe) x Hundr's Nanna's Joy
Worcestershire
10th February 2026
Parents Health Tested"
https://www.champdogs.co.uk/litter/77078,77078,Miniature Smooth Haired Dachshund,Litter of Dual Purpose Miniature Smooth Haired Dachshund Puppies,,Hazel Hunny,Charlotte James,https://www.champdogs.co.uk/breeder/34140,,West Sussex,,4th December 2025,,,,,,Yes,Parents Health Tested,,,,,,,,,,,"Miniature Smooth Haired Dachshund
Plumyfeather Phoenix x Hazel Hunny
West Sussex
4th December 2025
Parents Health Tested"
https://www.champdogs.co.uk/litter/77077,77077,Cocker Spaniel,Carthstars - Litter of Working Cocker Spaniel Puppies,,Carthstars Fern,Carthstars,https://www.champdogs.co.uk/breeder/327143,,North Yorkshire,,8th March 2026,,,,,,Yes,Parents Health Tested,,Yes,,Yes,,,,,,,"Cocker Spaniel
Marshepark Hunt of Farlavale (oftaw) x Carthstars Fern
North Yorkshire
8th March 2026
Parents Health Tested"
https://www.champdogs.co.uk/litter/77076,77076,Boxer,Litter of Dual Purpose Boxer Puppies,,Baytreemulca Stoxx,Samantha Hilson,https://www.champdogs.co.uk/breeder/542282,,Essex,,19th November 2025,,,,,,Yes,Yes,,Yes,,,,,,,,,"Boxer
Ciro Di Casa Diana Beatrice at Sleipnir x Baytreemulca Stoxx
Essex
19th November 2025
Sire Fully Health Tested
Dam Health Tested"
https://www.champdogs.co.uk/litter/77075,77075,Labrador Retriever,Litter of Dual Purpose Labrador Retriever Puppies,,Norfolkgame Chaffinch,Amanda Wild and Robert Evans,https://www.champdogs.co.uk/breeder/543884,,Norfolk,,22nd December 2025,,,,,,,Yes,,,,,,,,,,,"Labrador Retriever
Apollobay Bones of Countryways x Norfolkgame Chaffinch
Herefordshire
22nd December 2025
Sire Fully Health Tested
Dam Health Tested"
https://www.champdogs.co.uk/litter/77074,77074,Samoyed,PHARISKA - Litter of Dual Purpose Samoyed Puppies,,Heavenly Eylis,PHARISKA,https://www.champdogs.co.uk/breeder/157564,,Kent,,18th April 2026,,,,,,,Yes,,,,,,,,,,,"Samoyed
Kensesqui Blini by Saroxsha x Heavenly Eylis North Diamond at Phariska (Imp Ukr)
Kent
18th April 2026
Sire Fully Health Tested
Dam Health Tested"
https://www.champdogs.co.uk/litter/77073,77073,Hungarian Vizsla,Litter of Dual Purpose Hungarian Vizsla Puppies,,Kobicha Imbera,Brigita Murray,https://www.champdogs.co.uk/breeder/234386,,North Somerset,,25th December 2025,,,,,,Yes,Yes,,,,,,,,,,,"Hungarian Vizsla
Magasparti Rutinos Johnnie Walker (Imp Hun) x Kobicha Imbera
North Somerset
25th December 2025
Sire Fully Health Tested
Dam Health Tested"
https://www.champdogs.co.uk/litter/77072,77072,German Shepherd,Dandgee - Litter of Show German Shepherd Dog Puppies,,Dandgee Tima,Dandgee,https://www.champdogs.co.uk/breeder/521473,,Ayrshire,,8th November 2025,,,,,,,Parents Health Tested,,,,,,,,,,,"German Shepherd Dog
Grauerhund Aus x Dandgee Tima
Ayrshire
8th November 2025
Parents Health Tested"
https://www.champdogs.co.uk/litter/77071,77071,Labrador Retriever,Corve - Litter of Working Labrador Retriever Puppies,,Corve Echo The Stormborn,Corve,https://www.champdogs.co.uk/breeder/35439,,Derbyshire,,12th December 2025,,,,,,Yes,Yes,,,,Yes,,,,,,,"Labrador Retriever
Ravenvalley Jay of Millichope x Corve Echo The Stormborn
Derbyshire
12th December 2025
Sire Health Tested
Dam Fully Health Tested"
https://www.champdogs.co.uk/litter/77070,77070,German Shepherd,PALUKA GERMAN SHEPHERD DOGS - Litter of Dual Purpose German Shepherd Dog Puppies,Ch Blerio Bezique at Mascani,"Paluka Vella
County Durham",PALUKA GERMAN SHEPHERD DOGS,https://www.champdogs.co.uk/breeder/23326,,Durham,,20th March 2026,,,,,,,Parents Health Tested,,Yes,,Yes,,,,,,,"German Shepherd Dog
Ch Blerio Bezique at Mascani x Paluka Vella
County Durham
20th March 2026
Parents Health Tested"
https://www.champdogs.co.uk/litter/77068,77068,Miniature Schnauzer,Ronarker - Litter of Dual Purpose Miniature Schnauzer Puppies,,Brandery Barcelona Ronarker,Ronarker,https://www.champdogs.co.uk/breeder/454632,,Hampshire,,18th May 2026,,,,,,,Parents Health Tested,,,,,,,,,,,"Miniature Schnauzer
Imperial Sparkle of Ronarker x Brandery Barcelona Ronarker
Hampshire
18th May 2026
Parents Health Tested"
https://www.champdogs.co.uk/litter/77067,77067,Schnauzer,Minnienoom - Litter of Dual Purpose Schnauzer Puppies,,Minnienoom Zero to Sixty,Minnienoom,https://www.champdogs.co.uk/breeder/31619,,Derbyshire,,20th December 2025,,,,,,,Parents Fully Health Tested,,,,Yes,,,,,,,"Schnauzer
Minnienoom Apollo x Minnienoom Zero to Sixty
Derbyshire
20th December 2025
Parents Fully Health Tested"
https://www.champdogs.co.uk/litter/77066,77066,Cocker Spaniel,EDDESWARREN - Litter of Show Cocker Spaniel Puppies,,Eddeswarren Moonlight,EDDESWARREN,https://www.champdogs.co.uk/breeder/66879,,Devon,,6th February 2026,,,,,,,Parents Health Tested,,,,,,,,,,,"Cocker Spaniel
Kerriglow Game of Thrones JW x Eddeswarren Moonlight
Devon
6th February 2026
Parents Health Tested"
https://www.champdogs.co.uk/litter/77064,77064,Golden Retriever,CLOONMANNA - Litter of Dual Purpose Golden Retriever Puppies,,Kenxtwen Nara,CLOONMANNA,https://www.champdogs.co.uk/breeder/54290,,Essex,,1st January 2026,,,,,,,Parents Health Tested,,,,,,,,Yes,,,"Golden Retriever
Rowanvale Gabbro x Kenxtwen Nara
Essex
1st January 2026
Parents Health Tested"
https://www.champdogs.co.uk/litter/77063,77063,Cocker Spaniel,GLENBROWS - Litter of Show Cocker Spaniel Puppies,,Glenbrows Silk Tefetta,GLENBROWS,https://www.champdogs.co.uk/breeder/742,,Derbyshire,,2nd December 2025,,,,,,,Yes,,,,,,,,,,,"Cocker Spaniel
Glenbrows Jacob's Ladder x Glenbrows Silk Tefetta
Derbyshire
2nd December 2025
Sire Fully Health Tested
Dam Health Tested"
https://www.champdogs.co.uk/litter/77062,77062,Cocker Spaniel,Pinenutview - Litter of Working Cocker Spaniel Puppies,,"Naxshivan Konta for Pinenutview
Durham",Pinenutview,https://www.champdogs.co.uk/breeder/437808,,Durham,,4th January 2026,,,,,,Yes,Parents Health Tested,,Yes,,,,,,,,,"Cocker Spaniel
Cragglands Young Phantom at Naxshivan x Naxshivan Konta for Pinenutview
Durham
4th January 2026
Parents Health Tested"
https://www.champdogs.co.uk/litter/77061,77061,Toy Poodle,DUCHYPAWS - Litter of Dual Purpose Toy Poodle Puppies,,Duchypaws Inferno,DUCHYPAWS,https://www.champdogs.co.uk/breeder/209806,,Devon,,3rd March 2026,,,,,,,Parents Health Tested,,,,,,,,,,,"Toy Poodle
Royaldeniz Alvin at Duchypaws x Duchypaws Inferno
Devon
3rd March 2026
Parents Health Tested"
https://www.champdogs.co.uk/litter/77060,77060,Japanese Spitz Mayumi's Rough Diamond,Mayumi - Litter of Dual Purpose Japanese Spitz Puppies,,Mayumi's Lil Miss Dynamite,Mayumi,https://www.champdogs.co.uk/breeder/150252,,Gloucestershire,,12th January 2026,,,,,,,,,Yes,,Yes,,,,,,,"Japanese Spitz
Mayumi's Rough Diamond x Mayumi's Lil Miss Dynamite
Gloucestershire
12th January 2026"
https://www.champdogs.co.uk/litter/77057,77057,Jack Russell Terrier,ARCESSERE - Litter of Dual Purpose Jack Russell Terrier Puppies,,Speckled Hen,ARCESSERE,https://www.champdogs.co.uk/breeder/26952,,Somerset,,17th November 2025,,,,,,,Parents Health Tested,,Yes,,Yes,,,,,,,"Jack Russell Terrier
Tufterslodge Roll The Dice x Speckled Hen
Somerset
17th November 2025
Parents Health Tested"
https://www.champdogs.co.uk/litter/77058,77058,Labrador Retriever,Diklerbrook - Litter of Working Labrador Retriever Puppies,,Diklerbrook Charmed,Diklerbrook,https://www.champdogs.co.uk/breeder/242833,,Gloucestershire,,19th March 2026,,,,,,Yes,Parents Fully Health Tested,,Yes,,Yes,,,,,,,"Labrador Retriever
Cotsward Where Eagles Dare x Diklerbrook Charmed
Gloucestershire
19th March 2026
Parents Fully Health Tested"
https://www.champdogs.co.uk/litter/77056,77056,German Shepherd,Llynvees - Litter of Dual Purpose German Shepherd Dog Puppies,,"Llynvees Llyra
Pen-Y-Bont Ar Ogwr",Llynvees,https://www.champdogs.co.uk/breeder/416013,,,,4th December 2025,,,,,,,Yes,,Yes,Yes,,,,,,,,"German Shepherd Dog
Zeuss z Vodnanske Doliny at Rockforce (Imp Cze) x Llynvees Llyra
Pen-Y-Bont Ar Ogwr
4th December 2025
Sire Fully Health Tested
Dam Health Tested"
https://www.champdogs.co.uk/litter/77054,77054,Cocker Spaniel,Angelkins - Litter of Working Cocker Spaniel Puppies,,Angelkins My Sweet Tallulah,Angelkins,https://www.champdogs.co.uk/breeder/37950,,,,15th November 2025,,,,,,Yes,Parents Health Tested,,,,,,,,,,,"Cocker Spaniel
Kingcott Zachariah x Angelkins My Sweet Tallulah
Highland
15th November 2025
Parents Health Tested"
https://www.champdogs.co.uk/litter/76969,76969,Border Collie,rippletrix - Litter of Dual Purpose Border Collie Puppies,,,rippletrix,https://www.champdogs.co.uk/breeder/453486,,Yorkshire,,5th March 2026,,,,,,,Parents Health Tested,,,,,,,,,,,"Border Collie
Hilltop Zak (Isds00/389539) x Freak Out at My Love Bunny (Isds 00/380009)
Yorkshire
5th March 2026
Parents Health Tested"
https://www.champdogs.co.uk/litter/77053,77053,Golden Retriever,Canndebrae - Litter of Show Golden Retriever Puppies,Sh Ch Cadwst Flash Flame to Wheatcroft,Canndebrae von Liesl,Canndebrae,https://www.champdogs.co.uk/breeder/74462,,North Yorkshire,,8th January 2026,,,,,,,Yes,,Yes,,,,,,,,,"Golden Retriever
Sh Ch Cadwst Flash Flame to Wheatcroft x Canndebrae von Liesl
North Yorkshire
8th January 2026
Sire Fully Health Tested
Dam Health Tested"
https://www.champdogs.co.uk/litter/77052,77052,Spanish Water Dog Zorrazo Everybody Gonna Talk at Lendever,Holamanola - Litter of Dual Purpose Spanish Water Dog Puppies,,Holamanola Paquita Costa,Holamanola,https://www.champdogs.co.uk/breeder/129494,,Devon,,1st June 2026,,,,,,,Yes,,,,,,,,,,,"Spanish Water Dog
Zorrazo Everybody Gonna Talk at Lendever x Holamanola Paquita Costa
Devon
1st June 2026
Sire Health Tested
Dam Fully Health Tested"
https://www.champdogs.co.uk/litter/77050,77050,Hungarian Wirehaired Vizsla,Wildnook - Litter of Working Hungarian Wirehaired Vizsla Puppies,,"Wildnook Surtees' Lagartha
Durham",Wildnook,https://www.champdogs.co.uk/breeder/172963,,Durham,,6th February 2026,,,,,,,Parents Fully Health Tested,,,,,,,,,,,"Hungarian Wirehaired Vizsla
Mecsekjaro Eros From Wiremoor (Imp Hun) x Wildnook Surtees' Lagartha
Durham
6th February 2026
Parents Fully Health Tested"
https://www.champdogs.co.uk/litter/77049,77049,Labrador Retriever,Litter of Dual Purpose Labrador Retriever Puppies,ShCEx,"Kensesqui Leading Lady
Conwall",Amber and Chris Colloby,https://www.champdogs.co.uk/breeder/356253,,,,31st January 2026,,,,,,Yes,Yes,,Yes,,Yes,,,,,,,"Labrador Retriever
Magnavalleys Cornishman ShCEx x Kensesqui Leading Lady
Conwall
31st January 2026
Sire Fully Health Tested
Dam Health Tested"
https://www.champdogs.co.uk/litter/77048,77048,Labrador Retriever,Pazanne - Litter of Working Labrador Retriever Puppies,,Kentwone Ebony Jade at Pazanne,Pazanne,https://www.champdogs.co.uk/breeder/28261,,Kent,,24th January 2026,,,,,,,Parents Fully Health Tested,,Yes,,,,,,,,,"Labrador Retriever
Hepthorne Bramble at Pazanne x Kentwone Ebony Jade at Pazanne
Cleveland
24th January 2026
Parents Fully Health Tested"
https://www.champdogs.co.uk/litter/77040,77040,German Shepherd,KAZRAMA GSD - Litter of Dual Purpose German Shepherd Dog Puppies,,Olivia vom Polarstern,KAZRAMA GSD,https://www.champdogs.co.uk/breeder/60961,,Kent,,16th March 2026,,,,,,Yes,Parents Health Tested,,Yes,,,,,,,,,"German Shepherd Dog
Tiesto Lars V.D. Ybajo Hoeve x Olivia vom Polarstern
Kent
16th March 2026
Parents Health Tested"
https://www.champdogs.co.uk/litter/77039,77039,German Shepherd,KAZRAMA GSD - Litter of Dual Purpose German Shepherd Dog Puppies,,,KAZRAMA GSD,https://www.champdogs.co.uk/breeder/60961,,Kent,,5th December 2025,,,,,,Yes,Parents Health Tested,,Yes,,,,,,,,,"German Shepherd Dog
Ugos Du Parc A Mitrailles x Billie vom Huhnegrab (Imp Deu)
Kent
5th December 2025
Parents Health Tested"
https://www.champdogs.co.uk/litter/76949,76949,Labrador Retriever,Pennygrove - Litter of Working Labrador Retriever Puppies,,Southbeck Lost In The Memory of Pennygrove,Pennygrove,https://www.champdogs.co.uk/breeder/409342,,Nottinghamshire,,4th March 2026,,,,,,,Parents Fully Health Tested,,,,Yes,,,,,,,"Labrador Retriever
Blackharn Ribble x Southbeck Lost In The Memory of Pennygrove
Nottinghamshire
4th March 2026
Parents Fully Health Tested"
https://www.champdogs.co.uk/litter/77046,77046,Labrador Retriever,Baileylane - Litter of Show Labrador Retriever Puppies,Sh Ch Ir Sh Ch Naiken Elite Envoy JW,Baileylane Bronnie Lady,Baileylane,https://www.champdogs.co.uk/breeder/117876,,Powys,,24th January 2026,,,,,,,Parents Fully Health Tested,,,,,,,,,,,"Labrador Retriever
Sh Ch Ir Sh Ch Naiken Elite Envoy JW x Baileylane Bronnie Lady
Powys
24th January 2026
Parents Fully Health Tested"
https://www.champdogs.co.uk/litter/77045,77045,Cocker Spaniel,Canalgame - Litter of Working Cocker Spaniel Puppies,Ch Popsheath Art at Canalgame,Miss Bracken Dancer at Canalgame,Canalgame,https://www.champdogs.co.uk/breeder/104041,,Kent,,8th March 2026,,,,,,,Parents Health Tested,,,,,,,,,,,"Cocker Spaniel
Ft Ch Popsheath Art at Canalgame x Miss Bracken Dancer at Canalgame
Kent
8th March 2026
Parents Health Tested"
https://www.champdogs.co.uk/litter/77044,77044,Miniature Schnauzer,BORACICA - Litter of Dual Purpose Miniature Schnauzer Puppies,,Boracica's Tia Dalma,BORACICA,https://www.champdogs.co.uk/breeder/197009,,Hampshire,,10th February 2026,,,,,,,Yes,,,,,,,,,,,"Miniature Schnauzer
Imperial Sparkle of Ronarker x Boracica's Tia Dalma
Hampshire
10th February 2026
Sire Health Tested
Dam Fully Health Tested"
https://www.champdogs.co.uk/litter/77041,77041,Standard Poodle,NOVATELL STANDARD POODLES - Litter of Dual Purpose Standard Poodle Puppies,Ch Smart Connection Sign of Catwalk,"Highla Loves to Party at Novatell
Hants",NOVATELL STANDARD POODLES,https://www.champdogs.co.uk/breeder/19748,,,,26th December 2025,,,,,,,Parents Health Tested,,Yes,,,,,,,,,"Standard Poodle
Ch Smart Connection Sign of Catwalk x Highla Loves to Party at Novatell
Hants
26th December 2025
Parents Health Tested"
https://www.champdogs.co.uk/litter/76968,76968,Border Collie,rippletrix - Litter of Dual Purpose Border Collie Puppies,,Rewinds Little Fright,rippletrix,https://www.champdogs.co.uk/breeder/453486,,Yorkshire,,18th February 2026,,,,,,,Parents Health Tested,,,,,,,,,,,"Border Collie
Switch Kinetics of Soup x Rewinds Little Fright
Yorkshire
18th February 2026
Parents Health Tested"
https://www.champdogs.co.uk/litter/77038,77038,Weimaraner,Litter of Dual Purpose Weimaraner Puppies,Sh Ch Gunalt Schweppes at Caleydene JW,Kenzduo Winged Victory,Huw and Suzie Randles,https://www.champdogs.co.uk/breeder/13079,,Lincolnshire,,31st January 2026,,,,,,,Parents Fully Health Tested,,,,,,,,,,,"Weimaraner
Sh Ch Gunalt Schweppes at Caleydene JW x Kenzduo Winged Victory
Lincolnshire
31st January 2026
Parents Fully Health Tested"
https://www.champdogs.co.uk/litter/77035,77035,Dalmatian,Tamilanda - Litter of Show Dalmatian Puppies,,Ch,Tamilanda,https://www.champdogs.co.uk/breeder/520039,,South Yorkshire,,10th March 2026,,,,,,,Parents Health Tested,,,,,,,,,,,"Dalmatian
Alphadal Aint Misbehaving at Judally JW x Ch Tamilanda Continental Gold
South Yorkshire
10th March 2026
Parents Health Tested"
https://www.champdogs.co.uk/litter/77031,77031,Hungarian Wirehaired Vizsla,RedRafi - Litter of Dual Purpose Hungarian Wirehaired Vizsla Puppies,,Redrafi Narok,RedRafi,https://www.champdogs.co.uk/breeder/52909,,Lanarkshire,,18th January 2026,,,,,,,Parents Fully Health Tested,,,,,,,,,,,"Hungarian Wirehaired Vizsla
Cert Budafa x Redrafi Narok
South Lanarkshire
18th January 2026
Parents Fully Health Tested"
https://www.champdogs.co.uk/litter/77028,77028,Miniature Schnauzer,Madmazlands - Litter of Dual Purpose Miniature Schnauzer Puppies,,Madmazlands Combe Du Vallon,Madmazlands,https://www.champdogs.co.uk/breeder/356873,,Somerset,,28th February 2026,,,,,,,Parents Health Tested,,,,,,,,,,,"Miniature Schnauzer
Lakesidekelb Apollo x Madmazlands Combe Du Vallon
Somerset
28th February 2026
Parents Health Tested"
https://www.champdogs.co.uk/litter/77033,77033,Labrador Retriever,Silvapaws - Litter of Working Labrador Retriever Puppies,,Silvapaws One Vision,Silvapaws,https://www.champdogs.co.uk/breeder/160966,,Lincolnshire,,28th November 2025,,,,,,,Yes,,,,,,,,,,,"Labrador Retriever
Jupiter Jubilant of Silvapaws x Silvapaws One Vision
Lincolnshire
28th November 2025
Sire Fully Health Tested
Dam Health Tested"
https://www.champdogs.co.uk/litter/77030,77030,Miniature Smooth Haired Dachshund,Sandanca - Litter of Show Miniature Smooth Haired Dachshund Puppies,,Sandanca Riviera,Sandanca,https://www.champdogs.co.uk/breeder/21471,,,,11th December 2025,,,,,,Yes,Parents Health Tested,,Yes,,,,,,Yes,,,"Miniature Smooth Haired Dachshund
Gellijams Rumours Run Wild x Sandanca Riviera
North Yorks
11th December 2025
Parents Health Tested"
https://www.champdogs.co.uk/litter/77029,77029,Labrador Retriever,TELCINDER - Litter of Working Labrador Retriever Puppies,,Telcinder Utopia,TELCINDER,https://www.champdogs.co.uk/breeder/92156,,Suffolk,,4th December 2025,,,,,,,Parents Health Tested,,Yes,,Yes,,,,,,,"Labrador Retriever
Gingerfox Vanguard of Kanzanglaze x Telcinder Utopia
Suffolk
4th December 2025
Parents Health Tested"
https://www.champdogs.co.uk/litter/77027,77027,Miniature Wire Haired Dachshund,Sandanca - Litter of Show Miniature Wire Haired Dachshund Puppies,,Sandanca Night Owl,Sandanca,https://www.champdogs.co.uk/breeder/21471,,,,9th December 2025,,,,,,Yes,Parents Health Tested,,Yes,,,,,,Yes,,,"Miniature Wire Haired Dachshund
Dajean Letties Polar Bear x Sandanca Night Owl
North Yorks
9th December 2025
Parents Health Tested"
https://www.champdogs.co.uk/litter/77025,77025,Akita,Sensha - Litter of Dual Purpose Akita Puppies,Ch Sensha's One of A Kind,Fancy Footwork by Sensha,Sensha,https://www.champdogs.co.uk/breeder/38157,,,,13th December 2025,,,,,,,Yes,,,,,,,,,,,"Akita
Ch Sensha's One of A Kind x Fancy Footwork by Sensha
Linconshire
13th December 2025
Sire Fully Health Tested
Dam Health Tested"
https://www.champdogs.co.uk/litter/77024,77024,Labrador Retriever,Dovepoint - Litter of Dual Purpose Labrador Retriever Puppies,,Shrubshill Hen Harrier,Dovepoint,https://www.champdogs.co.uk/breeder/441566,,Conwy,,4th February 2026,,,,,,,Parents Fully Health Tested,,,,,,,,Yes,,,"Labrador Retriever
Colorado Might at Dovepoint x Shrubshill Hen Harrier
Conwy
4th February 2026
Parents Fully Health Tested"
https://www.champdogs.co.uk/litter/77022,77022,Hungarian Vizsla,Bluemoves - Litter of Dual Purpose Hungarian Vizsla Puppies,,Addaci Saxon Frigg,Bluemoves,https://www.champdogs.co.uk/breeder/74536,,Hampshire,,18th January 2026,,,,,,,Parents Health Tested,,,,Yes,,,,,,,"Hungarian Vizsla
Facanvadasz Ambrus x Addaci Saxon Frigg
Hampshire
18th January 2026
Parents Health Tested"
https://www.champdogs.co.uk/litter/77021,77021,Labrador Retriever,Braeric - Litter of Working Labrador Retriever Puppies,Ch Westerkames Rigline of Brogdenview,Teomabay Symbol,Braeric,https://www.champdogs.co.uk/breeder/426703,,Norfolk,,29th November 2025,,,,,,,Parents Health Tested,,,,,,,,,,,"Labrador Retriever
Ft Ch Westerkames Rigline of Brogdenview x Teomabay Symbol
Norfolk
29th November 2025
Parents Health Tested"
https://www.champdogs.co.uk/litter/76987,76987,German Shepherd,CAVOURT German Shepherd Dogs - Litter of Dual Purpose German Shepherd Dog Puppies,,Schelmisch Ellaria,CAVOURT German Shepherd Dogs,https://www.champdogs.co.uk/breeder/384037,,,,10th December 2025,,,,,£500,,Parents Health Tested,,,,,,,,,,,"German Shepherd Dog
Benzes vom Amur x Schelmisch Ellaria
West Midlands
10th December 2025
Parents Health Tested"
https://www.champdogs.co.uk/litter/77020,77020,West Highland White Terrier,Maxmadadh - Litter of Dual Purpose West Highland White Terrier Puppies,,"Maxmadadh Madness of Muse
Durham",Maxmadadh,https://www.champdogs.co.uk/breeder/314806,,Durham,,13th November 2025,,,,,,,,,,Yes,Yes,,,,,,,"West Highland White Terrier
Frazandmitch The Real Deal x Maxmadadh Madness of Muse
Durham
13th November 2025"
https://www.champdogs.co.uk/litter/77019,77019,Hungarian Vizsla,KINHARRACHIE - Litter of Show Hungarian Vizsla Puppies,,Kinharrachies Bed of Roses,KINHARRACHIE,https://www.champdogs.co.uk/breeder/15780,,Aberdeenshire,,19th February 2026,,,,,,,Yes,,Yes,,,,,,,,,"Hungarian Vizsla
Neville Magyar Tim with Calmerell Imp Pol x Kinharrachies Bed of Roses
Aberdeenshire
19th February 2026
Sire Fully Health Tested
Dam Health Tested"
https://www.champdogs.co.uk/litter/77012,77012,Labrador Retriever,Budella - Litter of Show Labrador Retriever Puppies,,Budella Leilani,Budella,https://www.champdogs.co.uk/breeder/96261,,Cornwall,,15th February 2026,,,,,,,Yes,,,,,,,,,,,"Labrador Retriever
Magnavalleys Over The Moon x Budella Leilani
Cornwall
15th February 2026
Sire Fully Health Tested
Dam Health Tested"
https://www.champdogs.co.uk/litter/77011,77011,English Springer Spaniel,Quingrave - Litter of Working English Springer Spaniel Puppies,,Dunnbrigg Holly Blue at Quingrave,Quingrave,https://www.champdogs.co.uk/breeder/116819,,,,7th February 2026,,,,,,,Parents Health Tested,,,,,,,,,,,"English Springer Spaniel
Cindersash Orson x Dunnbrigg Holly Blue at Quingrave
West Midlands
7th February 2026
Parents Health Tested"
https://www.champdogs.co.uk/litter/76997,76997,Rhodesian Ridgeback,Gabisa - Litter of Dual Purpose Rhodesian Ridgeback Puppies,,Gabisa Nyekundu,Gabisa,https://www.champdogs.co.uk/breeder/33597,,Scotland,,14th January 2026,,,,,,,Yes,,,,Yes,,,,,,,"Rhodesian Ridgeback
Kijani Manwe of Gabisa (Imp Cze) x Gabisa Nyekundu
Scotland, Uk
14th January 2026
Sire Fully Health Tested
Dam Health Tested"
https://www.champdogs.co.uk/litter/77016,77016,Labrador Retriever,Hawkenhurst - Litter of Show Labrador Retriever Puppies,,Hawkenhurst Flash Bit of Kit,Hawkenhurst,https://www.champdogs.co.uk/breeder/126693,,Kent,,6th December 2025,,,,,,Yes,Parents Fully Health Tested,,,Yes,,,,,,,,"Labrador Retriever
Baileydale Rocket Man JW x Hawkenhurst Flash Bit of Kit
Kent
6th December 2025
Parents Fully Health Tested"
https://www.champdogs.co.uk/litter/77015,77015,White Swiss Shepherd,VONTHURLOW - Litter of Dual Purpose White Swiss Shepherd Dog Puppies,,"Swisswolves Aphrodite
Nr Wisbech Cambs",VONTHURLOW,https://www.champdogs.co.uk/breeder/16007,,,,15th January 2026,,,,,,,Parents Fully Health Tested,,,,,,,,,,,"White Swiss Shepherd Dog
Ding Dong od Bijelih Snova (Imp Hrv) x Swisswolves Aphrodite
Nr Wisbech Cambs
15th January 2026
Parents Fully Health Tested"
https://www.champdogs.co.uk/litter/77014,77014,Portuguese Pointer,teisgol - Litter of Dual Purpose Portuguese Pointer Puppies,,Teisgol Morgana,teisgol,https://www.champdogs.co.uk/breeder/11899,,Worcestershire,,23rd January 2026,,,,,,,Parents Health Tested,,Yes,,,,,,,,,"Portuguese Pointer
Bryanelly Mr Bojangles with Leystespring x Teisgol Morgana
Worcestershire
23rd January 2026
Parents Health Tested"
https://www.champdogs.co.uk/litter/77010,77010,Labrador Retriever,ChillMill - Litter of Working Labrador Retriever Puppies,,Lavenderlab Lunar Eclipse Over Chillmill,ChillMill,https://www.champdogs.co.uk/breeder/541436,,East Sussex,,21st December 2025,,,,,,,Yes,,,,,,,,,,,"Labrador Retriever
Jocksburn Alland of Blackenvoy x Lavenderlab Lunar Eclipse Over Chillmill
East Sussex
21st December 2025
Sire Fully Health Tested
Dam Health Tested"
https://www.champdogs.co.uk/litter/77009,77009,Cocker Spaniel,Bishopcroft - Litter of Working Cocker Spaniel Puppies,,"Kentwone Berry Cream
Co Durham",Bishopcroft,https://www.champdogs.co.uk/breeder/150144,,Kent,,26th December 2025,,,,,,Yes,Parents Health Tested,,Yes,,,,,,,,,"Cocker Spaniel
Farlavale Ebor (oftw) x Kentwone Berry Cream
Co Durham
26th December 2025
Parents Health Tested"
https://www.champdogs.co.uk/litter/77007,77007,Labrador Retriever,Litter of Working Labrador Retriever Puppies,Ch Bellspaddle Mungo,Killyrudden Rangwali,Heidi Bibby,https://www.champdogs.co.uk/breeder/237646,,Cambridgeshire,,15th January 2026,,,,,,Yes,Yes,,Yes,,Yes,,,,,,,"Labrador Retriever
Ft Ch Bellspaddle Mungo x Killyrudden Rangwali
Cambridgeshire
15th January 2026
Sire Fully Health Tested
Dam Health Tested"
https://www.champdogs.co.uk/litter/77006,77006,Parson Russell Terrier,Plunkett - Litter of Dual Purpose Parson Russell Terrier Puppies,,Plunkett Mona Lisa,Plunkett,https://www.champdogs.co.uk/breeder/12809,,,,27th December 2025,,,,,,,Parents Health Tested,,,,Yes,,,,,,,"Parson Russell Terrier
Plunkett Mr Mischief x Plunkett Mona Lisa
Sutherland
27th December 2025
Parents Health Tested"
https://www.champdogs.co.uk/litter/77005,77005,Labrador Retriever,Crookedjock Labrador Retrievers - Litter of Dual Purpose Labrador Retriever Puppies,,Crookedjock Kassiopia,Crookedjock Labrador Retrievers,https://www.champdogs.co.uk/breeder/38022,,,,8th January 2026,,,,,,Yes,Parents Fully Health Tested,,Yes,,,,,,,,,"Labrador Retriever
Afinmore Amsterdam x Crookedjock Kassiopia
Peebleshire
8th January 2026
Parents Fully Health Tested"
https://www.champdogs.co.uk/litter/77002,77002,Pointer,Quinnery - Litter of Dual Purpose Pointer Puppies,Sh Ch Sunhouse Banged to Rights,Hookwood Gene Genie,Quinnery,https://www.champdogs.co.uk/breeder/134569,,Surrey,,21st January 2026,,,,,,,,,,,,,,,,,,"Pointer
Sh Ch Sunhouse Banged to Rights x Hookwood Gene Genie
Surrey
21st January 2026"
https://www.champdogs.co.uk/litter/77000,77000,Golden Retriever,Litter of Working Golden Retriever Puppies,,Dairycott Daphne,Andrew England,https://www.champdogs.co.uk/breeder/79476,,Somerset,,26th December 2025,,,,,,,Yes,,,,,,,,,,,"Golden Retriever
Think Twice Viking x Dairycott Daphne
Somerset
26th December 2025
Sire Fully Health Tested
Dam Health Tested"
https://www.champdogs.co.uk/litter/76998,76998,Labrador Retriever,LEWTRENCHARD & BREAZLE LABRADORS - Litter of Dual Purpose Labrador Retriever Puppies,,Oakpyn Ruby at Lewtrenchard,LEWTRENCHARD & BREAZLE LABRADORS,https://www.champdogs.co.uk/breeder/13030,,Devon,,24th February 2026,,,,,,,Parents Fully Health Tested,,,,,,Yes,,Yes,,,"Labrador Retriever
Breazle King Arthur x Oakpyn Ruby at Lewtrenchard
Devon
24th February 2026
Parents Fully Health Tested"
https://www.champdogs.co.uk/litter/76996,76996,Golden Retriever,Woolgarston - Litter of Show Golden Retriever Puppies,,Woolgarston Lady Penny Lane,Woolgarston,https://www.champdogs.co.uk/breeder/377083,,Dorset,,11th February 2026,,,,,,,Yes,,,,,,,,,,,"Golden Retriever
Tumblewood Prince Albert x Woolgarston Lady Penny Lane
Dorset
11th February 2026
Sire Fully Health Tested
Dam Health Tested"
https://www.champdogs.co.uk/litter/76995,76995,Labrador Retriever,Konatian - Litter of Show Labrador Retriever Puppies,,Light Alita,Konatian,https://www.champdogs.co.uk/breeder/401054,,Kent,,7th February 2026,,,,,,,Parents Health Tested,,,,,,,,,,,"Labrador Retriever
Gurneypark Freddie at Konatian x Light Alita
Kent
7th February 2026
Parents Health Tested"
https://www.champdogs.co.uk/litter/76993,76993,Labrador Retriever,Rumhill - Litter of Show Labrador Retriever Puppies,,Rumhill Starry Night,Rumhill,https://www.champdogs.co.uk/breeder/98903,,Kent,,7th November 2025,,,,,,,Yes,,Yes,,,,,,,,,"Labrador Retriever
Baileydale Puff Daddy (Jw) x Rumhill Starry Night
Kent
7th November 2025
Sire Fully Health Tested
Dam Health Tested"
https://www.champdogs.co.uk/litter/76992,76992,Weimaraner,SHARNPHILLY - Litter of Show Weimaraner Puppies,Sh Ch Rivertone Retrograde,Sh Ch Sharnphilly Annie Mac JW,SHARNPHILLY,https://www.champdogs.co.uk/breeder/705,,Essex,,22nd December 2025,,,,,,Yes,Parents Fully Health Tested,,Yes,,Yes,,,,,,,"Weimaraner
Sh Ch Rivertone Retrograde x Sh Ch Sharnphilly Annie Mac JW
Essex
22nd December 2025
Parents Fully Health Tested"
https://www.champdogs.co.uk/litter/76991,76991,Australian Shepherd,Fonblanque - Litter of Dual Purpose Australian Shepherd Puppies,,Fonblanque Last Divinity Night,Fonblanque,https://www.champdogs.co.uk/breeder/358870,,Shropshire,,8th December 2025,,,,,,,Yes,,,,,,,,,,,"Australian Shepherd
Tchin Tchin Des Gardiens Du Mermoz x Fonblanque Last Divinity Night
Shropshire
8th December 2025
Sire Health Tested
Dam Fully Health Tested"
https://www.champdogs.co.uk/litter/76986,76986,German Shepherd,Litter of Dual Purpose German Shepherd Dog Puppies,,Cunannuns Triple Goddess,Ross & AlisonTaylor,https://www.champdogs.co.uk/breeder/540484,,Bedfordshire,,11th January 2026,,,,,,,Yes,,,,,,,,,,,"German Shepherd Dog
Jetril Just for Vonthurlow x Cunannuns Triple Goddess
Bedfordshire
11th January 2026
Sire Fully Health Tested
Dam Health Tested"
https://www.champdogs.co.uk/litter/76990,76990,Labrador Retriever,Litter of Dual Purpose Labrador Retriever Puppies,,"Bright Summer Sky
Cumbria",Fiona Harrison,https://www.champdogs.co.uk/breeder/294020,,Cumbria,,1st December 2025,,,,,£250,Yes,Yes,,,,,,,,,,,"Labrador Retriever
Cottershot Pur Gill x Bright Summer Sky
Cumbria
1st December 2025
Sire Fully Health Tested
Dam Health Tested"
https://www.champdogs.co.uk/litter/76988,76988,Hungarian Vizsla,FACANVADASZ - Litter of Dual Purpose Hungarian Vizsla Puppies,Sh Ch Sargasbarna Rocket Man by Pirospont,Facanvadasz Bambi,FACANVADASZ,https://www.champdogs.co.uk/breeder/135867,,Somerset,,25th December 2025,,,,,,Yes,Parents Fully Health Tested,,Yes,,Yes,,,,,,,"Hungarian Vizsla
Sh Ch Sargasbarna Rocket Man by Pirospont x Facanvadasz Bambi
Somerset
25th December 2025
Parents Fully Health Tested"
https://www.champdogs.co.uk/litter/76985,76985,Golden Retriever,Weaversmist - Litter of Working Golden Retriever Puppies,,Weaversmist Roisin Dubh,Weaversmist,https://www.champdogs.co.uk/breeder/255003,,Cheshire,,19th January 2026,,,,,,Yes,Yes,,Yes,,Yes,,,,,,,"Golden Retriever
Think Twice One Shot (ftw) x Weaversmist Roisin Dubh
Cheshire
19th January 2026
Sire Fully Health Tested
Dam Health Tested"
https://www.champdogs.co.uk/litter/76984,76984,Hungarian Wirehaired Vizsla,Kellarwald - Litter of Dual Purpose Hungarian Wirehaired Vizsla Puppies,,Wilmarris Thyme,Kellarwald,https://www.champdogs.co.uk/breeder/394766,,Hampshire,,19th December 2025,,,,,,Yes,Parents Fully Health Tested,,,,,,,,,,,"Hungarian Wirehaired Vizsla
Zoldmali Iszap at Rylandson Imp Deu x Wilmarris Thyme
Hampshire
19th December 2025
Parents Fully Health Tested"
https://www.champdogs.co.uk/litter/76983,76983,Whippet,Khabaray - Litter of Show Whippet Puppies,,Khabaray Olive D'champers,Khabaray,https://www.champdogs.co.uk/breeder/391779,,Lincolnshire,,29th December 2025,,,,,,,,,,,,,,,,,,"Whippet
Loroli Devil's Stone JW x Khabaray Olive D'champers
Lincolnshire
29th December 2025"
https://www.champdogs.co.uk/litter/76982,76982,Labrador Retriever,Litter of Dual Purpose Labrador Retriever Puppies,,Lixtonwood Saint Francis,sarah waterton,https://www.champdogs.co.uk/breeder/328843,,Devon,,9th January 2026,,,,,,,Parents Fully Health Tested,,,,,,,,,,,"Labrador Retriever
Penbok Duke of Bradridge x Lixtonwood Saint Francis
Devon
9th January 2026
Parents Fully Health Tested"
https://www.champdogs.co.uk/litter/76980,76980,Miniature Long Haired Dachshund,Spencerdax - Litter of Dual Purpose Miniature Long Haired Dachshund Puppies,,Dachslicious Choco Doll,Spencerdax,https://www.champdogs.co.uk/breeder/492415,,Suffolk,,23rd December 2025,,,,,,,Yes,,,,,,,,Yes,,,"Miniature Long Haired Dachshund
Eldeen Cassius x Dachslicious Choco Doll
Suffolk
23rd December 2025
Sire Health Tested"
https://www.champdogs.co.uk/litter/76977,76977,Weimaraner,Stormdancer - Litter of Dual Purpose Weimaraner Puppies,,Stormdancer Flash Point,Stormdancer,https://www.champdogs.co.uk/breeder/2706,,East Sussex,,18th February 2026,,,,,,,Parents Fully Health Tested,,,,,,,,,,,"Weimaraner
Stormdancer Mint Chip (A.I) x Stormdancer Flash Point
East Sussex
18th February 2026
Parents Fully Health Tested"
https://www.champdogs.co.uk/litter/76976,76976,Weimaraner,Stormdancer - Litter of Dual Purpose Weimaraner Puppies,,Sh Ch Rivertone Confetti Over Stormdancer,Stormdancer,https://www.champdogs.co.uk/breeder/2706,,East Sussex,,2nd February 2026,,,,,,,Parents Fully Health Tested,,,,,,,,,,,"Weimaraner
Stormdancer Mint Chip (A.I) x Sh Ch Rivertone Confetti Over Stormdancer
East Sussex
2nd February 2026
Parents Fully Health Tested"
https://www.champdogs.co.uk/litter/76978,76978,Labrador Retriever,Exelby - Litter of Show Labrador Retriever Puppies,,Exelby Erin Water,Exelby,https://www.champdogs.co.uk/breeder/7065,,,,19th December 2025,,,,,,,Parents Fully Health Tested,,,,,,,,,,,"Labrador Retriever
Exelby Botis at Meadowline x Exelby Erin Water
Dumfriesshire
19th December 2025
Parents Fully Health Tested"
https://www.champdogs.co.uk/litter/76973,76973,Labrador Retriever,northmeols - Litter of Working Labrador Retriever Puppies,,Jaycote Glimmer,northmeols,https://www.champdogs.co.uk/breeder/36533,,Lancashire,,11th November 2025,,,,,,,Yes,,,,,,,,,,,"Labrador Retriever
Greenbriar Khan x Jaycote Glimmer
Lancashire
11th November 2025
Sire Fully Health Tested
Dam Health Tested"
https://www.champdogs.co.uk/litter/76971,76971,Staffordshire Bull Terrier,Bronseybull - Litter of Dual Purpose Staffordshire Bull Terrier Puppies,,Bronseybull Blossom,Bronseybull,https://www.champdogs.co.uk/breeder/389118,,Staffordshire,,8th January 2026,,,,,£500,,Parents Fully Health Tested,,Yes,,Yes,,,,,,,"Staffordshire Bull Terrier
A Twisted Bit of Mayhem x Bronseybull Blossom
Shropshire
8th January 2026
Parents Fully Health Tested"
https://www.champdogs.co.uk/litter/76970,76970,Cocker Spaniel,Litter of Show Cocker Spaniel Puppies,,Lady Tallulah Belle,Anthony and Amelia Crafts,https://www.champdogs.co.uk/breeder/348709,,Surrey,,23rd January 2026,,,,,,,Parents Health Tested,,,,,,,,,,,"Cocker Spaniel
Charterwood Morgan of Lottswell x Lady Tallulah Belle
Surrey
23rd January 2026
Parents Health Tested"
https://www.champdogs.co.uk/litter/76867,76867,Cocker Spaniel,Litter of Working Cocker Spaniel Puppies,,Kenzduo Constantin Queen,Joshua Duffy and Lauren Chadwick,https://www.champdogs.co.uk/breeder/539863,,West Yorkshire,,27th November 2025,,,,,£1300,Yes,Parents Health Tested,,Yes,Yes,Yes,,,,,,,"Cocker Spaniel
Get On The Bus Gus of Sealsun x Kenzduo Constantin Queen
West Yorkshire
27th November 2025
Parents Health Tested"
https://www.champdogs.co.uk/litter/76963,76963,Labrador Retriever,Coppinschase - Litter of Working Labrador Retriever Puppies,,Dordonhall Wild Violet,Coppinschase,https://www.champdogs.co.uk/breeder/323234,,Warwickshire,,12th January 2026,,,,,,Yes,Yes,,Yes,,Yes,,,,,,,"Labrador Retriever
Arcklebear Dunclent x Dordonhall Wild Violet
Warwickshire
12th January 2026
Sire Fully Health Tested
Dam Health Tested"
https://www.champdogs.co.uk/litter/76878,76878,Havanese,Alphapups - Litter of Show Havanese Puppies,Ch That's Boy Wonder at Lk Michigan,Alphapups Flufftail,Alphapups,https://www.champdogs.co.uk/breeder/412543,,Somerset,,17th January 2026,,,,,,,Parents Fully Health Tested,,,,,,,,,,,"Havanese
Am Ch That's Boy Wonder at Lk Michigan x Alphapups Flufftail
Somerset
17th January 2026
Parents Fully Health Tested"
