id,ad_id,title,breed,price,location,date_of_birth,age,ready_to_leave,litter_size,available_puppies,posted_date,posted_date_iso,last_updated,seller_name,member_since,verified_breeder,health_checked,hip_scored,elbow_scored,eye_tested,vaccinated,microchipped,wormed,kc_registered,original_breeder,viewable_with_mother,platform,url,scraped_at,error
30956,,ğŸ¶ Buyerâ€™s Checklist for Gun Dogs,Labradors,1550,,,,,,,,,,,,False,True,False,False,False,False,False,True,False,True,True,gundogs_direct,https://gundogsdirect.co.uk/dogs-for-sale/labradors-for-sale/labrador-puppies-for-sale/30956,2026-01-24T17:02:47.074343,
31138,,ğŸ¶ Buyerâ€™s Checklist for Gun Dogs,Labradors,2600,,,,,,,,,,,,False,False,False,False,False,False,False,True,False,False,False,gundogs_direct,https://gundogsdirect.co.uk/dogs-for-sale/labradors-for-sale/part-trained-labradors/31138,2026-01-24T17:02:50.141685,
31137,,ğŸ¶ Buyerâ€™s Checklist for Gun Dogs,Springer Spaniels,950,,,,,,,,,,,,False,False,False,False,False,False,False,True,False,True,True,gundogs_direct,https://gundogsdirect.co.uk/dogs-for-sale/springer-spaniels-for-sale/springer-spaniel-puppies/31137,2026-01-24T17:02:52.620781,
31016,,ğŸ¶ Buyerâ€™s Checklist for Gun Dogs,Cocker Spaniels,1500,,,,,,,,,,,,False,True,False,False,False,False,False,True,False,True,True,gundogs_direct,https://gundogsdirect.co.uk/dogs-for-sale/cocker-spaniels-for-sale/cocker-spaniel-puppies/31016,2026-01-24T17:02:55.525337,
31055,,ğŸ¶ Buyerâ€™s Checklist for Gun Dogs,Springer Spaniels,950,,,,,,,,,,,,False,True,False,False,False,False,False,True,False,True,True,gundogs_direct,https://gundogsdirect.co.uk/dogs-for-sale/springer-spaniels-for-sale/springer-spaniel-puppies/31055,2026-01-24T17:02:58.349844,
30924,,ğŸ¶ Buyerâ€™s Checklist for Gun Dogs,Cocker Spaniels,300,,,,,,,,,,,,False,True,False,False,False,False,False,True,False,True,True,gundogs_direct,https://gundogsdirect.co.uk/dogs-for-sale/cocker-spaniels-for-sale/cocker-spaniel-puppies/30924,2026-01-24T17:03:01.175773,
31122,,ğŸ¶ Buyerâ€™s Checklist for Gun Dogs,Cocker Spaniels,1000,,,,,,,,,,,,False,False,False,False,False,False,False,True,False,True,True,gundogs_direct,https://gundogsdirect.co.uk/dogs-for-sale/cocker-spaniels-for-sale/cocker-spaniel-puppies/31122,2026-01-24T17:03:04.049815,
31056,,ğŸ¶ Buyerâ€™s Checklist for Gun Dogs,Labradors,800,,,,,,,,,,,,False,False,False,False,False,False,False,True,False,True,True,gundogs_direct,https://gundogsdirect.co.uk/dogs-for-sale/labradors-for-sale/labrador-puppies-for-sale/31056,2026-01-24T17:03:06.567426,
31084,,ğŸ¶ Buyerâ€™s Checklist for Gun Dogs,Cocker Spaniels,100,,,,,,,,,,,,False,False,False,False,False,False,False,True,False,True,True,gundogs_direct,https://gundogsdirect.co.uk/dogs-for-sale/cocker-spaniels-for-sale/cocker-spaniel-puppies/31084,2026-01-24T17:03:09.239070,
31123,,ğŸ¶ Buyerâ€™s Checklist for Gun Dogs,Labradors,2000,,,,,,,,,,,,False,True,False,False,False,False,False,True,False,False,False,gundogs_direct,https://gundogsdirect.co.uk/dogs-for-sale/labradors-for-sale/part-trained-labradors/31123,2026-01-24T17:03:12.082835,
31120,,ğŸ¶ Buyerâ€™s Checklist for Gun Dogs,Cocker Spaniels,1500,,,,,,,,,,,,False,True,False,False,False,False,False,True,False,True,True,gundogs_direct,https://gundogsdirect.co.uk/dogs-for-sale/cocker-spaniels-for-sale/cocker-spaniel-puppies/31120,2026-01-24T17:03:14.649611,
31119,,ğŸ¶ Buyerâ€™s Checklist for Gun Dogs,Cocker Spaniels,350,,,,,,,,,,,,False,True,False,False,False,False,False,True,False,True,False,gundogs_direct,https://gundogsdirect.co.uk/dogs-for-sale/cocker-spaniels-for-sale/cocker-spaniel-at-stud/31119,2026-01-24T17:03:17.289279,
31040,,ğŸ¶ Buyerâ€™s Checklist for Gun Dogs,Labradors,1300,,,,,,,,,,,,False,True,False,False,False,False,False,True,False,True,True,gundogs_direct,https://gundogsdirect.co.uk/dogs-for-sale/labradors-for-sale/labrador-puppies-for-sale/31040,2026-01-24T17:03:20.185040,
30939,,ğŸ¶ Buyerâ€™s Checklist for Gun Dogs,Labradors,1700,,,,,,,,,,,,False,False,False,False,False,False,False,True,False,True,True,gundogs_direct,https://gundogsdirect.co.uk/dogs-for-sale/labradors-for-sale/labrador-puppies-for-sale/30939,2026-01-24T17:03:22.652887,
30967,,ğŸ¶ Buyerâ€™s Checklist for Gun Dogs,Labradors,1500,,,,,,,,,,,,False,True,False,False,False,False,False,True,False,True,True,gundogs_direct,https://gundogsdirect.co.uk/dogs-for-sale/labradors-for-sale/labrador-puppies-for-sale/30967,2026-01-24T17:03:25.738964,
30958,,ğŸ¶ Buyerâ€™s Checklist for Gun Dogs,Labradors,1500,,,,,,,,,,,,False,True,False,False,False,False,False,True,False,True,True,gundogs_direct,https://gundogsdirect.co.uk/dogs-for-sale/labradors-for-sale/labrador-puppies-for-sale/30958,2026-01-24T17:03:28.464421,
30999,,ğŸ¶ Buyerâ€™s Checklist for Gun Dogs,Labradors,1850,,,,,,,,,,,,False,False,False,False,False,False,False,True,False,True,True,gundogs_direct,https://gundogsdirect.co.uk/dogs-for-sale/labradors-for-sale/labrador-puppies-for-sale/30999,2026-01-24T17:03:31.051360,
30973,,ğŸ¶ Buyerâ€™s Checklist for Gun Dogs,Labradors,900,,,,,,,,,,,,False,False,False,False,False,False,False,True,False,True,True,gundogs_direct,https://gundogsdirect.co.uk/dogs-for-sale/labradors-for-sale/labrador-puppies-for-sale/30973,2026-01-24T17:03:33.573737,
31019,,ğŸ¶ Buyerâ€™s Checklist for Gun Dogs,Labradors,0,,,,,,,,,,,,False,False,False,False,False,False,False,True,False,True,True,gundogs_direct,https://gundogsdirect.co.uk/dogs-for-sale/labradors-for-sale/labrador-puppies-for-sale/31019,2026-01-24T17:03:36.009144,
31110,,ğŸ¶ Buyerâ€™s Checklist for Gun Dogs,Cocker Spaniels,850,,,,,,,,,,,,False,True,False,False,False,False,False,True,False,True,True,gundogs_direct,https://gundogsdirect.co.uk/dogs-for-sale/cocker-spaniels-for-sale/cocker-spaniel-puppies/31110,2026-01-24T17:03:38.644237,
31108,,ğŸ¶ Buyerâ€™s Checklist for Gun Dogs,Springer Spaniels,1200,,,,,,,,,,,,False,True,False,False,False,False,False,True,False,True,True,gundogs_direct,https://gundogsdirect.co.uk/dogs-for-sale/springer-spaniels-for-sale/springer-spaniel-puppies/31108,2026-01-24T17:03:41.426522,
31062,,ğŸ¶ Buyerâ€™s Checklist for Gun Dogs,Cocker Spaniels,1500,,,,,,,,,,,,False,True,False,False,False,False,False,True,False,True,True,gundogs_direct,https://gundogsdirect.co.uk/dogs-for-sale/cocker-spaniels-for-sale/cocker-spaniel-puppies/31062,2026-01-24T17:03:44.111356,
31096,,ğŸ¶ Buyerâ€™s Checklist for Gun Dogs,Cocker Spaniels,3500,,,,,,,,,,,,False,False,False,False,False,False,False,True,False,False,False,gundogs_direct,https://gundogsdirect.co.uk/dogs-for-sale/cocker-spaniels-for-sale/trained-cocker-spaniels/31096,2026-01-24T17:03:46.741310,
28822,,ğŸ¶ Buyerâ€™s Checklist for Gun Dogs,Labradors,400,,,,,,,,,,,,False,True,False,False,False,False,False,True,False,False,False,gundogs_direct,https://gundogsdirect.co.uk/dogs-for-sale/labradors-for-sale/labradors-at-stud/28822,2026-01-24T17:03:49.806347,
31083,,ğŸ¶ Buyerâ€™s Checklist for Gun Dogs,Springer Spaniels,800,,,,,,,,,,,,False,False,False,False,False,False,False,True,False,True,True,gundogs_direct,https://gundogsdirect.co.uk/dogs-for-sale/springer-spaniels-for-sale/springer-spaniel-puppies/31083,2026-01-24T17:03:52.334297,
31081,,ğŸ¶ Buyerâ€™s Checklist for Gun Dogs,Springer Spaniels,2500,,,,,,,,,,,,False,True,False,False,False,False,False,True,False,False,False,gundogs_direct,https://gundogsdirect.co.uk/dogs-for-sale/springer-spaniels-for-sale/part-traind-springer-spaniels/31081,2026-01-24T17:03:54.763541,
31080,,ğŸ¶ Buyerâ€™s Checklist for Gun Dogs,,500,,,,,,,,,,,,False,True,False,False,False,False,False,True,False,False,False,gundogs_direct,https://gundogsdirect.co.uk/dogs-for-sale/teckel/teckel-stud/31080,2026-01-24T17:03:57.484141,
31066,,ğŸ¶ Buyerâ€™s Checklist for Gun Dogs,,1500,,,,,,,,,,,,False,True,False,False,False,False,False,True,False,True,True,gundogs_direct,https://gundogsdirect.co.uk/dogs-for-sale/gwp/gwp-puppies/31066,2026-01-24T17:03:59.975649,
30908,,ğŸ¶ Buyerâ€™s Checklist for Gun Dogs,Labradors,1500,,,,,,,,,,,,False,True,False,False,False,False,False,True,False,True,True,gundogs_direct,https://gundogsdirect.co.uk/dogs-for-sale/labradors-for-sale/labrador-puppies-for-sale/30908,2026-01-24T17:04:02.646210,
30863,,ğŸ¶ Buyerâ€™s Checklist for Gun Dogs,Labradors,1500,,,,,,,,,,,,False,False,False,False,False,False,False,True,False,True,True,gundogs_direct,https://gundogsdirect.co.uk/dogs-for-sale/labradors-for-sale/labrador-puppies-for-sale/30863,2026-01-24T17:04:05.431258,
31139,,ğŸ¶ Buyerâ€™s Checklist for Gun Dogs,Labradors,1000,,,,,,,,,,,,False,True,False,False,False,False,False,True,False,True,False,gundogs_direct,https://gundogsdirect.co.uk/dogs-for-sale/labradors-for-sale/trained-labradors/31139,2026-01-24T17:04:08.390592,
31136,,ğŸ¶ Buyerâ€™s Checklist for Gun Dogs,Springer Spaniels,1800,,,,,,,,,,,,False,False,False,False,False,False,False,True,False,False,False,gundogs_direct,https://gundogsdirect.co.uk/dogs-for-sale/springer-spaniels-for-sale/part-traind-springer-spaniels/31136,2026-01-24T17:04:10.883601,
31135,,ğŸ¶ Buyerâ€™s Checklist for Gun Dogs,Cocker Spaniels,150,,,,,,,,,,,,False,True,False,False,False,False,False,True,False,False,False,gundogs_direct,https://gundogsdirect.co.uk/dogs-for-sale/cocker-spaniels-for-sale/cocker-spaniel-at-stud/31135,2026-01-24T17:04:13.579912,
31133,,ğŸ¶ Buyerâ€™s Checklist for Gun Dogs,Cocker Spaniels,1850,,,,,,,,,,,,False,False,False,False,False,False,False,True,False,False,False,gundogs_direct,https://gundogsdirect.co.uk/dogs-for-sale/cocker-spaniels-for-sale/part-trained-cocker-spaniels/31133,2026-01-24T17:04:16.118068,
31132,,ğŸ¶ Buyerâ€™s Checklist for Gun Dogs,Cocker Spaniels,1500,,,,,,,,,,,,False,False,False,False,False,False,False,True,False,False,False,gundogs_direct,https://gundogsdirect.co.uk/dogs-for-sale/cocker-spaniels-for-sale/part-trained-cocker-spaniels/31132,2026-01-24T17:04:18.676725,
31130,,ğŸ¶ Buyerâ€™s Checklist for Gun Dogs,Labradors,1000,,,,,,,,,,,,False,False,False,False,False,False,False,True,False,True,True,gundogs_direct,https://gundogsdirect.co.uk/dogs-for-sale/labradors-for-sale/part-trained-labradors/31130,2026-01-24T17:04:21.614937,
31129,,ğŸ¶ Buyerâ€™s Checklist for Gun Dogs,Cocker Spaniels,1200,,,,,,,,,,,,False,False,False,False,False,False,False,True,False,True,True,gundogs_direct,https://gundogsdirect.co.uk/dogs-for-sale/cocker-spaniels-for-sale/cocker-spaniel-puppies/31129,2026-01-24T17:04:24.260292,
31128,,ğŸ¶ Buyerâ€™s Checklist for Gun Dogs,Labradors,1750,,,,,,,,,,,,False,False,False,False,False,False,False,True,False,True,True,gundogs_direct,https://gundogsdirect.co.uk/dogs-for-sale/labradors-for-sale/labrador-puppies-for-sale/31128,2026-01-24T17:04:27.019562,
31126,,ğŸ¶ Buyerâ€™s Checklist for Gun Dogs,Labradors,2000,,,,,,,,,,,,False,True,False,False,False,False,False,True,False,True,True,gundogs_direct,https://gundogsdirect.co.uk/dogs-for-sale/labradors-for-sale/part-trained-labradors/31126,2026-01-24T17:04:29.583255,
31124,,ğŸ¶ Buyerâ€™s Checklist for Gun Dogs,Cocker Spaniels,300,,,,,,,,,,,,False,True,False,False,False,False,False,True,False,True,False,gundogs_direct,https://gundogsdirect.co.uk/dogs-for-sale/cocker-spaniels-for-sale/cocker-spaniel-at-stud/31124,2026-01-24T17:04:32.259907,
31121,,ğŸ¶ Buyerâ€™s Checklist for Gun Dogs,Cocker Spaniels,1250,,,,,,,,,,,,False,False,False,False,False,False,False,True,False,True,True,gundogs_direct,https://gundogsdirect.co.uk/dogs-for-sale/cocker-spaniels-for-sale/cocker-spaniel-puppies/31121,2026-01-24T17:04:35.081089,
31118,,ğŸ¶ Buyerâ€™s Checklist for Gun Dogs,Springer Spaniels,200,,,,,,,,,,,,False,False,False,False,False,False,False,True,False,False,False,gundogs_direct,https://gundogsdirect.co.uk/dogs-for-sale/springer-spaniels-for-sale/springer-spaniels-at-stud/31118,2026-01-24T17:04:37.723400,
31116,,ğŸ¶ Buyerâ€™s Checklist for Gun Dogs,Cocker Spaniels,1600,,,,,,,,,,,,False,True,False,False,False,False,False,True,False,True,True,gundogs_direct,https://gundogsdirect.co.uk/dogs-for-sale/cocker-spaniels-for-sale/cocker-spaniel-puppies/31116,2026-01-24T17:04:40.635335,
31115,,ğŸ¶ Buyerâ€™s Checklist for Gun Dogs,Cocker Spaniels,3000,,,,,,,,,,,,False,True,False,False,False,False,False,False,False,False,False,gundogs_direct,https://gundogsdirect.co.uk/dogs-for-sale/cocker-spaniels-for-sale/trained-cocker-spaniels/31115,2026-01-24T17:04:43.303845,
31114,,ğŸ¶ Buyerâ€™s Checklist for Gun Dogs,Labradors,400,,,,,,,,,,,,False,True,False,False,False,False,False,True,False,False,False,gundogs_direct,https://gundogsdirect.co.uk/dogs-for-sale/labradors-for-sale/labradors-at-stud/31114,2026-01-24T17:04:45.979100,
31112,,ğŸ¶ Buyerâ€™s Checklist for Gun Dogs,Cocker Spaniels,1250,,,,,,,,,,,,False,True,False,False,False,False,False,True,False,True,True,gundogs_direct,https://gundogsdirect.co.uk/dogs-for-sale/cocker-spaniels-for-sale/cocker-spaniel-puppies/31112,2026-01-24T17:04:48.552792,
31111,,ğŸ¶ Buyerâ€™s Checklist for Gun Dogs,Springer Spaniels,300,,,,,,,,,,,,False,True,False,False,False,False,False,True,False,False,False,gundogs_direct,https://gundogsdirect.co.uk/dogs-for-sale/springer-spaniels-for-sale/springer-spaniels-at-stud/31111,2026-01-24T17:04:51.124398,
31109,,ğŸ¶ Buyerâ€™s Checklist for Gun Dogs,Cocker Spaniels,2500,,,,,,,,,,,,False,False,False,False,False,False,False,True,False,True,True,gundogs_direct,https://gundogsdirect.co.uk/dogs-for-sale/cocker-spaniels-for-sale/part-trained-cocker-spaniels/31109,2026-01-24T17:04:53.879868,
31106,,ğŸ¶ Buyerâ€™s Checklist for Gun Dogs,,850,,,,,,,,,,,,False,False,False,False,False,False,False,True,False,True,True,gundogs_direct,https://gundogsdirect.co.uk/dogs-for-sale/gwp/gwp-puppies/31106,2026-01-24T17:04:56.606805,
31104,,ğŸ¶ Buyerâ€™s Checklist for Gun Dogs,Cocker Spaniels,1800,,,,,,,,,,,,False,False,False,False,False,False,False,True,False,False,False,gundogs_direct,https://gundogsdirect.co.uk/dogs-for-sale/cocker-spaniels-for-sale/part-trained-cocker-spaniels/31104,2026-01-24T17:04:59.316533,
31103,,ğŸ¶ Buyerâ€™s Checklist for Gun Dogs,Springer Spaniels,1400,,,,8th March 2026,,,,,,,,False,False,False,False,False,False,False,True,False,True,True,gundogs_direct,https://gundogsdirect.co.uk/dogs-for-sale/springer-spaniels-for-sale/springer-spaniel-puppies/31103,2026-01-24T17:05:01.819781,
31102,,ğŸ¶ Buyerâ€™s Checklist for Gun Dogs,Springer Spaniels,250,,,,,,,,,,,,False,True,False,False,False,False,False,True,False,True,False,gundogs_direct,https://gundogsdirect.co.uk/dogs-for-sale/springer-spaniels-for-sale/springer-spaniels-at-stud/31102,2026-01-24T17:05:04.527628,
31101,,ğŸ¶ Buyerâ€™s Checklist for Gun Dogs,,1500,,,,,,,,,,,,False,False,False,False,False,False,False,True,False,True,True,gundogs_direct,https://gundogsdirect.co.uk/dogs-for-sale/hungarian-visla/hungarian-visla-puppies/31101,2026-01-24T17:05:07.231012,
31098,,ğŸ¶ Buyerâ€™s Checklist for Gun Dogs,Springer Spaniels,400,,,,,,,,,,,,False,True,False,False,False,False,False,True,False,False,False,gundogs_direct,https://gundogsdirect.co.uk/dogs-for-sale/springer-spaniels-for-sale/springer-spaniels-at-stud/31098,2026-01-24T17:05:10.030581,
31095,,ğŸ¶ Buyerâ€™s Checklist for Gun Dogs,Cocker Spaniels,300,,,,,,,,,,,,False,True,False,False,False,False,False,True,False,False,False,gundogs_direct,https://gundogsdirect.co.uk/dogs-for-sale/cocker-spaniels-for-sale/cocker-spaniel-at-stud/31095,2026-01-24T17:05:12.661472,
31091,,ğŸ¶ Buyerâ€™s Checklist for Gun Dogs,Cocker Spaniels,400,,,,,,,,,,,,False,True,False,False,False,False,False,True,False,True,False,gundogs_direct,https://gundogsdirect.co.uk/dogs-for-sale/cocker-spaniels-for-sale/cocker-spaniel-at-stud/31091,2026-01-24T17:05:15.259651,
31090,,ğŸ¶ Buyerâ€™s Checklist for Gun Dogs,Springer Spaniels,3500,,,,,,,,,,,,False,False,False,False,False,False,False,True,False,False,False,gundogs_direct,https://gundogsdirect.co.uk/dogs-for-sale/springer-spaniels-for-sale/trained-springer-spaniels/31090,2026-01-24T17:05:18.043876,
31087,,ğŸ¶ Buyerâ€™s Checklist for Gun Dogs,Springer Spaniels,500,,,,,,,,,,,,False,True,False,False,False,False,False,True,False,True,False,gundogs_direct,https://gundogsdirect.co.uk/dogs-for-sale/springer-spaniels-for-sale/springer-spaniels-at-stud/31087,2026-01-24T17:05:20.840952,
31075,,ğŸ¶ Buyerâ€™s Checklist for Gun Dogs,Cocker Spaniels,3500,,,,,,,,,,,,False,True,False,False,False,False,False,True,False,False,False,gundogs_direct,https://gundogsdirect.co.uk/dogs-for-sale/cocker-spaniels-for-sale/part-trained-cocker-spaniels/31075,2026-01-24T17:05:23.589909,
31073,,ğŸ¶ Buyerâ€™s Checklist for Gun Dogs,Cocker Spaniels,1000,,,,,,,,,,,,False,True,False,False,False,False,False,True,False,True,True,gundogs_direct,https://gundogsdirect.co.uk/dogs-for-sale/cocker-spaniels-for-sale/cocker-spaniel-puppies/31073,2026-01-24T17:05:26.715035,
31072,,ğŸ¶ Buyerâ€™s Checklist for Gun Dogs,Labradors,600,,,,,,,,,,,,False,True,False,False,False,False,False,True,False,True,True,gundogs_direct,https://gundogsdirect.co.uk/dogs-for-sale/labradors-for-sale/labrador-puppies-for-sale/31072,2026-01-24T17:05:29.280413,
31070,,ğŸ¶ Buyerâ€™s Checklist for Gun Dogs,Labradors,3000,,,,,,,,,,,,False,False,False,False,False,False,False,True,False,True,True,gundogs_direct,https://gundogsdirect.co.uk/dogs-for-sale/labradors-for-sale/part-trained-labradors/31070,2026-01-24T17:05:31.846186,
31069,,ğŸ¶ Buyerâ€™s Checklist for Gun Dogs,Cocker Spaniels,1250,,,,,,,,,,,,False,False,False,False,False,False,False,True,False,True,True,gundogs_direct,https://gundogsdirect.co.uk/dogs-for-sale/cocker-spaniels-for-sale/cocker-spaniel-puppies/31069,2026-01-24T17:05:34.515563,
31068,,ğŸ¶ Buyerâ€™s Checklist for Gun Dogs,Labradors,1000,,,,,,,,,,,,False,False,False,False,False,False,False,True,False,True,True,gundogs_direct,https://gundogsdirect.co.uk/dogs-for-sale/labradors-for-sale/labrador-puppies-for-sale/31068,2026-01-24T17:05:37.250794,
31065,,ğŸ¶ Buyerâ€™s Checklist for Gun Dogs,,600,,,,,,,,,,,,False,False,False,False,False,False,False,True,False,True,True,gundogs_direct,https://gundogsdirect.co.uk/dogs-for-sale/cross-breed-dogs/cross-breed-dogs-puppies/31065,2026-01-24T17:05:40.270989,
31064,,ğŸ¶ Buyerâ€™s Checklist for Gun Dogs,Labradors,1600,,,,,,,,,,,,False,False,False,False,False,False,False,True,False,True,True,gundogs_direct,https://gundogsdirect.co.uk/dogs-for-sale/labradors-for-sale/labrador-puppies-for-sale/31064,2026-01-24T17:05:43.319096,
31063,,ğŸ¶ Buyerâ€™s Checklist for Gun Dogs,Cocker Spaniels,1300,,,,,,,,,,,,False,True,False,False,False,False,False,True,False,True,True,gundogs_direct,https://gundogsdirect.co.uk/dogs-for-sale/cocker-spaniels-for-sale/cocker-spaniel-puppies/31063,2026-01-24T17:05:46.336661,
31061,,ğŸ¶ Buyerâ€™s Checklist for Gun Dogs,,2000,,,,,,,,,,,,False,True,False,False,False,False,False,True,False,True,True,gundogs_direct,https://gundogsdirect.co.uk/dogs-for-sale/other-pure-breed/other-pure-breed-puppies/31061,2026-01-24T17:05:49.095961,
31058,,ğŸ¶ Buyerâ€™s Checklist for Gun Dogs,Cocker Spaniels,2000,,,,,,,,,,,,False,True,False,False,False,False,False,True,False,True,True,gundogs_direct,https://gundogsdirect.co.uk/dogs-for-sale/cocker-spaniels-for-sale/part-trained-cocker-spaniels/31058,2026-01-24T17:05:52.044515,
31057,,ğŸ¶ Buyerâ€™s Checklist for Gun Dogs,Labradors,1500,,,,,,,,,,,,False,False,False,False,False,False,False,True,False,True,True,gundogs_direct,https://gundogsdirect.co.uk/dogs-for-sale/labradors-for-sale/labrador-puppies-for-sale/31057,2026-01-24T17:05:54.623661,
31052,,ğŸ¶ Buyerâ€™s Checklist for Gun Dogs,Cocker Spaniels,800,,,,,,,,,,,,False,False,False,False,False,False,False,True,False,True,True,gundogs_direct,https://gundogsdirect.co.uk/dogs-for-sale/cocker-spaniels-for-sale/cocker-spaniel-puppies/31052,2026-01-24T17:05:57.400052,
31050,,ğŸ¶ Buyerâ€™s Checklist for Gun Dogs,,1000,,,,,,,,,,,,False,False,False,False,False,False,False,True,False,True,True,gundogs_direct,https://gundogsdirect.co.uk/dogs-for-sale/teckel/teckel-puppies/31050,2026-01-24T17:06:00.723756,
31049,,ğŸ¶ Buyerâ€™s Checklist for Gun Dogs,,1100,,,,,,,,,,,,False,False,False,False,False,False,False,True,False,True,True,gundogs_direct,https://gundogsdirect.co.uk/dogs-for-sale/teckel/teckel-puppies/31049,2026-01-24T17:06:03.597679,
31048,,ğŸ¶ Buyerâ€™s Checklist for Gun Dogs,Labradors,400,,,,,,,,,,,,False,True,False,False,False,False,False,True,False,True,False,gundogs_direct,https://gundogsdirect.co.uk/dogs-for-sale/labradors-for-sale/labradors-at-stud/31048,2026-01-24T17:06:06.397743,
31047,,ğŸ¶ Buyerâ€™s Checklist for Gun Dogs,Labradors,1500,,,,,,,,,,,,False,True,False,False,False,False,False,True,False,True,True,gundogs_direct,https://gundogsdirect.co.uk/dogs-for-sale/labradors-for-sale/labrador-puppies-for-sale/31047,2026-01-24T17:06:09.177936,
31044,,ğŸ¶ Buyerâ€™s Checklist for Gun Dogs,Cocker Spaniels,3000,,,,,,,,,,,,False,True,False,False,False,False,False,True,False,False,False,gundogs_direct,https://gundogsdirect.co.uk/dogs-for-sale/cocker-spaniels-for-sale/part-trained-cocker-spaniels/31044,2026-01-24T17:06:11.938690,
31042,,ğŸ¶ Buyerâ€™s Checklist for Gun Dogs,Labradors,1500,,,,,,,,,,,,False,True,False,False,False,False,False,True,False,True,True,gundogs_direct,https://gundogsdirect.co.uk/dogs-for-sale/labradors-for-sale/labrador-puppies-for-sale/31042,2026-01-24T17:06:14.836144,
31039,,ğŸ¶ Buyerâ€™s Checklist for Gun Dogs,Cocker Spaniels,600,,,,,,,,,,,,False,True,False,False,False,False,False,True,False,False,False,gundogs_direct,https://gundogsdirect.co.uk/dogs-for-sale/cocker-spaniels-for-sale/cocker-spaniel-at-stud/31039,2026-01-24T17:06:17.566256,
31038,,ğŸ¶ Buyerâ€™s Checklist for Gun Dogs,Labradors,1400,,,,,,,,,,,,False,False,False,False,False,False,False,True,False,True,True,gundogs_direct,https://gundogsdirect.co.uk/dogs-for-sale/labradors-for-sale/part-trained-labradors/31038,2026-01-24T17:06:20.369769,
31034,,ğŸ¶ Buyerâ€™s Checklist for Gun Dogs,Labradors,1650,,,,,,,,,,,,False,False,False,False,False,False,False,True,False,True,True,gundogs_direct,https://gundogsdirect.co.uk/dogs-for-sale/labradors-for-sale/labrador-puppies-for-sale/31034,2026-01-24T17:06:24.548867,
31033,,ğŸ¶ Buyerâ€™s Checklist for Gun Dogs,Labradors,1450,,,,,,,,,,,,False,False,False,False,False,False,False,True,False,True,True,gundogs_direct,https://gundogsdirect.co.uk/dogs-for-sale/labradors-for-sale/labrador-puppies-for-sale/31033,2026-01-24T17:06:27.268419,
31032,,ğŸ¶ Buyerâ€™s Checklist for Gun Dogs,Labradors,850,,,,,,,,,,,,False,True,False,False,False,False,False,True,False,True,True,gundogs_direct,https://gundogsdirect.co.uk/dogs-for-sale/labradors-for-sale/labrador-puppies-for-sale/31032,2026-01-24T17:06:29.818236,
31031,,ğŸ¶ Buyerâ€™s Checklist for Gun Dogs,,1200,,,,,,,,,,,,False,True,False,False,False,False,False,True,False,True,True,gundogs_direct,https://gundogsdirect.co.uk/dogs-for-sale/teckel/teckel-puppies/31031,2026-01-24T17:06:32.440041,
31029,,ğŸ¶ Buyerâ€™s Checklist for Gun Dogs,Labradors,1200,,,,"21st FebruaryÂ 

0781",,,,,,,,False,True,False,False,False,False,False,True,False,True,True,gundogs_direct,https://gundogsdirect.co.uk/dogs-for-sale/labradors-for-sale/labrador-puppies-for-sale/31029,2026-01-24T17:06:34.929674,
31024,,ğŸ¶ Buyerâ€™s Checklist for Gun Dogs,Labradors,1250,,,,,,,,,,,,False,False,False,False,False,False,False,True,False,True,True,gundogs_direct,https://gundogsdirect.co.uk/dogs-for-sale/labradors-for-sale/labrador-puppies-for-sale/31024,2026-01-24T17:06:37.544907,
31018,,ğŸ¶ Buyerâ€™s Checklist for Gun Dogs,Springer Spaniels,850,,,,,,,,,,,,False,False,False,False,False,False,False,True,False,True,True,gundogs_direct,https://gundogsdirect.co.uk/dogs-for-sale/springer-spaniels-for-sale/springer-spaniel-puppies/31018,2026-01-24T17:06:40.281759,
31014,,ğŸ¶ Buyerâ€™s Checklist for Gun Dogs,,900,,,,,,,,,,,,False,True,False,False,False,False,False,True,False,True,False,gundogs_direct,https://gundogsdirect.co.uk/dogs-for-sale/golden-retriever/golden-retriever-stud/31014,2026-01-24T17:06:42.963620,
31013,,ğŸ¶ Buyerâ€™s Checklist for Gun Dogs,Springer Spaniels,1000,,,,,,,,,,,,False,False,False,False,False,False,False,True,False,True,True,gundogs_direct,https://gundogsdirect.co.uk/dogs-for-sale/springer-spaniels-for-sale/springer-spaniel-puppies/31013,2026-01-24T17:06:45.525990,
31011,,ğŸ¶ Buyerâ€™s Checklist for Gun Dogs,Cocker Spaniels,350,,,,,,,,,,,,False,True,False,False,False,False,False,True,False,True,False,gundogs_direct,https://gundogsdirect.co.uk/dogs-for-sale/cocker-spaniels-for-sale/cocker-spaniel-at-stud/31011,2026-01-24T17:06:48.044890,
31008,,ğŸ¶ Buyerâ€™s Checklist for Gun Dogs,Cocker Spaniels,1350,,,,,,,,,,,,False,True,False,False,False,False,False,True,False,True,True,gundogs_direct,https://gundogsdirect.co.uk/dogs-for-sale/cocker-spaniels-for-sale/cocker-spaniel-puppies/31008,2026-01-24T17:06:50.739564,
31006,,ğŸ¶ Buyerâ€™s Checklist for Gun Dogs,Cocker Spaniels,4500,,,,,,,,,,,,False,False,False,False,False,False,True,True,False,False,False,gundogs_direct,https://gundogsdirect.co.uk/dogs-for-sale/cocker-spaniels-for-sale/part-trained-cocker-spaniels/31006,2026-01-24T17:06:53.288617,
30994,,ğŸ¶ Buyerâ€™s Checklist for Gun Dogs,Springer Spaniels,950,,,,,,,,,,,,False,False,False,False,False,False,False,True,False,True,True,gundogs_direct,https://gundogsdirect.co.uk/dogs-for-sale/springer-spaniels-for-sale/springer-spaniel-puppies/30994,2026-01-24T17:06:56.353443,
30992,,ğŸ¶ Buyerâ€™s Checklist for Gun Dogs,Cocker Spaniels,400,,,,,,,,,,,,False,True,False,False,False,False,False,True,False,True,False,gundogs_direct,https://gundogsdirect.co.uk/dogs-for-sale/cocker-spaniels-for-sale/cocker-spaniel-at-stud/30992,2026-01-24T17:06:59.378218,
30991,,ğŸ¶ Buyerâ€™s Checklist for Gun Dogs,Cocker Spaniels,1550,,,,,,,,,,,,False,False,False,False,False,False,False,False,False,False,False,gundogs_direct,https://gundogsdirect.co.uk/dogs-for-sale/cocker-spaniels-for-sale/part-trained-cocker-spaniels/30991,2026-01-24T17:07:02.299614,
30990,,ğŸ¶ Buyerâ€™s Checklist for Gun Dogs,Cocker Spaniels,450,,,,,,,,,,,,False,True,False,False,False,False,False,True,False,False,False,gundogs_direct,https://gundogsdirect.co.uk/dogs-for-sale/cocker-spaniels-for-sale/cocker-spaniel-at-stud/30990,2026-01-24T17:07:04.930386,
30988,,ğŸ¶ Buyerâ€™s Checklist for Gun Dogs,Cocker Spaniels,800,,,,,,,,,,,,False,True,False,False,False,False,False,True,False,True,True,gundogs_direct,https://gundogsdirect.co.uk/dogs-for-sale/cocker-spaniels-for-sale/cocker-spaniel-puppies/30988,2026-01-24T17:07:07.795116,
30984,,ğŸ¶ Buyerâ€™s Checklist for Gun Dogs,Cocker Spaniels,3000,,,,,,,,,,,,False,False,False,False,False,False,False,True,False,True,True,gundogs_direct,https://gundogsdirect.co.uk/dogs-for-sale/cocker-spaniels-for-sale/trained-cocker-spaniels/30984,2026-01-24T17:07:10.496808,
30979,,ğŸ¶ Buyerâ€™s Checklist for Gun Dogs,Labradors,800,,,,,,,,,,,,False,False,False,False,False,False,False,True,False,True,True,gundogs_direct,https://gundogsdirect.co.uk/dogs-for-sale/labradors-for-sale/labrador-puppies-for-sale/30979,2026-01-24T17:07:13.539852,
30971,,ğŸ¶ Buyerâ€™s Checklist for Gun Dogs,Cocker Spaniels,1400,,,,,,,,,,,,False,True,False,False,False,False,False,True,False,True,True,gundogs_direct,https://gundogsdirect.co.uk/dogs-for-sale/cocker-spaniels-for-sale/cocker-spaniel-puppies/30971,2026-01-24T17:07:16.406544,
30963,,ğŸ¶ Buyerâ€™s Checklist for Gun Dogs,,2500,,,,,,,,,,,,False,True,False,False,False,False,False,True,False,False,False,gundogs_direct,https://gundogsdirect.co.uk/dogs-for-sale/other-pure-breed/other-pure-breed-puppies/30963,2026-01-24T17:07:19.330882,
30959,,ğŸ¶ Buyerâ€™s Checklist for Gun Dogs,Cocker Spaniels,300,,,,,,,,,,,,False,True,False,False,False,False,False,True,False,True,False,gundogs_direct,https://gundogsdirect.co.uk/dogs-for-sale/cocker-spaniels-for-sale/cocker-spaniel-at-stud/30959,2026-01-24T17:07:22.401080,
30954,,ğŸ¶ Buyerâ€™s Checklist for Gun Dogs,Springer Spaniels,300,,,,,,,,,,,,False,True,False,False,False,False,False,True,False,True,False,gundogs_direct,https://gundogsdirect.co.uk/dogs-for-sale/springer-spaniels-for-sale/springer-spaniels-at-stud/30954,2026-01-24T17:07:25.052950,
30950,,ğŸ¶ Buyerâ€™s Checklist for Gun Dogs,,1000,,,,,,,,,,,,False,True,False,False,False,False,False,True,False,False,False,gundogs_direct,https://gundogsdirect.co.uk/dogs-for-sale/hungarian-visla/hungarian-visla-stud/30950,2026-01-24T17:07:27.869540,
30945,,ğŸ¶ Buyerâ€™s Checklist for Gun Dogs,Cocker Spaniels,9500,,,,,,,,,,,,False,False,False,False,False,False,False,True,False,True,True,gundogs_direct,https://gundogsdirect.co.uk/dogs-for-sale/cocker-spaniels-for-sale/cocker-spaniel-puppies/30945,2026-01-24T17:07:30.701013,
30943,,ğŸ¶ Buyerâ€™s Checklist for Gun Dogs,Labradors,650,,,,,,,,,,,,False,True,False,False,False,False,False,True,False,False,False,gundogs_direct,https://gundogsdirect.co.uk/dogs-for-sale/labradors-for-sale/labradors-at-stud/30943,2026-01-24T17:07:33.285047,
30937,,ğŸ¶ Buyerâ€™s Checklist for Gun Dogs,Springer Spaniels,900,,,,,,,,,,,,False,False,False,False,False,False,False,True,False,True,True,gundogs_direct,https://gundogsdirect.co.uk/dogs-for-sale/springer-spaniels-for-sale/part-traind-springer-spaniels/30937,2026-01-24T17:07:36.026303,
30932,,ğŸ¶ Buyerâ€™s Checklist for Gun Dogs,Cocker Spaniels,1200,,,,,,,,,,,,False,False,False,False,False,False,False,True,False,True,True,gundogs_direct,https://gundogsdirect.co.uk/dogs-for-sale/cocker-spaniels-for-sale/cocker-spaniel-puppies/30932,2026-01-24T17:07:39.173948,
30931,,ğŸ¶ Buyerâ€™s Checklist for Gun Dogs,Labradors,2900,,,,,,,,,,,,False,False,False,False,False,False,False,True,False,True,False,gundogs_direct,https://gundogsdirect.co.uk/dogs-for-sale/labradors-for-sale/part-trained-labradors/30931,2026-01-24T17:07:41.954266,
30927,,ğŸ¶ Buyerâ€™s Checklist for Gun Dogs,Labradors,1100,,,,,,,,,,,,False,False,False,False,False,False,False,True,False,True,True,gundogs_direct,https://gundogsdirect.co.uk/dogs-for-sale/labradors-for-sale/labrador-puppies-for-sale/30927,2026-01-24T17:07:45.020890,
30926,,ğŸ¶ Buyerâ€™s Checklist for Gun Dogs,Cocker Spaniels,1495,,,,,,,,,,,,False,False,False,False,False,False,False,True,False,True,True,gundogs_direct,https://gundogsdirect.co.uk/dogs-for-sale/cocker-spaniels-for-sale/cocker-spaniel-puppies/30926,2026-01-24T17:07:47.818409,
30920,,ğŸ¶ Buyerâ€™s Checklist for Gun Dogs,Cocker Spaniels,1550,,,,,,,,,,,,False,False,False,False,False,False,False,True,False,False,True,gundogs_direct,https://gundogsdirect.co.uk/dogs-for-sale/cocker-spaniels-for-sale/cocker-spaniel-puppies/30920,2026-01-24T17:07:50.329456,
30919,,ğŸ¶ Buyerâ€™s Checklist for Gun Dogs,Labradors,1000,,,,,,,,,,,,False,True,False,False,False,False,False,True,False,True,True,gundogs_direct,https://gundogsdirect.co.uk/dogs-for-sale/labradors-for-sale/labrador-puppies-for-sale/30919,2026-01-24T17:07:53.112583,
30912,,ğŸ¶ Buyerâ€™s Checklist for Gun Dogs,Labradors,400,,,,,,,,,,,,False,True,False,False,False,False,False,True,False,False,False,gundogs_direct,https://gundogsdirect.co.uk/dogs-for-sale/labradors-for-sale/labradors-at-stud/30912,2026-01-24T17:07:56.037741,
30904,,ğŸ¶ Buyerâ€™s Checklist for Gun Dogs,Labradors,1500,,,,,,,,,,,,False,True,False,False,False,False,False,True,False,True,True,gundogs_direct,https://gundogsdirect.co.uk/dogs-for-sale/labradors-for-sale/labrador-puppies-for-sale/30904,2026-01-24T17:07:58.783147,
30901,,ğŸ¶ Buyerâ€™s Checklist for Gun Dogs,Springer Spaniels,250,,,,,,,,,,,,False,False,False,False,False,False,False,True,False,True,True,gundogs_direct,https://gundogsdirect.co.uk/dogs-for-sale/springer-spaniels-for-sale/springer-spaniel-puppies/30901,2026-01-24T17:08:01.582495,
30898,,ğŸ¶ Buyerâ€™s Checklist for Gun Dogs,Cocker Spaniels,400,,,,,,,,,,,,False,True,False,False,False,False,False,True,False,True,False,gundogs_direct,https://gundogsdirect.co.uk/dogs-for-sale/cocker-spaniels-for-sale/cocker-spaniel-at-stud/30898,2026-01-24T17:08:05.116435,
30896,,ğŸ¶ Buyerâ€™s Checklist for Gun Dogs,Springer Spaniels,1100,,,,,,,,,,,,False,False,False,False,False,False,False,True,False,True,True,gundogs_direct,https://gundogsdirect.co.uk/dogs-for-sale/springer-spaniels-for-sale/springer-spaniel-puppies/30896,2026-01-24T17:08:08.136571,
30891,,ğŸ¶ Buyerâ€™s Checklist for Gun Dogs,Labradors,1000,,,,,,,,,,,,False,False,False,False,False,False,False,True,False,True,True,gundogs_direct,https://gundogsdirect.co.uk/dogs-for-sale/labradors-for-sale/labrador-puppies-for-sale/30891,2026-01-24T17:08:10.876191,
30885,,ğŸ¶ Buyerâ€™s Checklist for Gun Dogs,Labradors,1500,,,,,,,,,,,,False,False,False,False,False,False,False,True,False,True,True,gundogs_direct,https://gundogsdirect.co.uk/dogs-for-sale/labradors-for-sale/labrador-puppies-for-sale/30885,2026-01-24T17:08:13.669696,
30884,,ğŸ¶ Buyerâ€™s Checklist for Gun Dogs,,1500,,,,,,,,,,,,False,False,False,False,False,False,False,True,False,True,True,gundogs_direct,https://gundogsdirect.co.uk/dogs-for-sale/gwp/gwp-puppies/30884,2026-01-24T17:08:16.342025,
30882,,ğŸ¶ Buyerâ€™s Checklist for Gun Dogs,Cocker Spaniels,200,,,,,,,,,,,,False,False,False,False,False,False,False,True,False,False,False,gundogs_direct,https://gundogsdirect.co.uk/dogs-for-sale/cocker-spaniels-for-sale/cocker-spaniel-at-stud/30882,2026-01-24T17:08:19.508050,
30881,,ğŸ¶ Buyerâ€™s Checklist for Gun Dogs,Cocker Spaniels,300,,,,,,,,,,,,False,True,False,False,False,False,False,True,False,False,False,gundogs_direct,https://gundogsdirect.co.uk/dogs-for-sale/cocker-spaniels-for-sale/cocker-spaniel-at-stud/30881,2026-01-24T17:08:22.527176,
30880,,ğŸ¶ Buyerâ€™s Checklist for Gun Dogs,Labradors,250,,,,,,,,,,,,False,True,False,False,False,False,False,True,False,True,True,gundogs_direct,https://gundogsdirect.co.uk/dogs-for-sale/labradors-for-sale/labrador-puppies-for-sale/30880,2026-01-24T17:08:25.353036,
30877,,ğŸ¶ Buyerâ€™s Checklist for Gun Dogs,Labradors,500,,,,,,,,,,,,False,True,False,False,False,False,False,True,False,True,False,gundogs_direct,https://gundogsdirect.co.uk/dogs-for-sale/labradors-for-sale/labradors-at-stud/30877,2026-01-24T17:08:28.341138,
30876,,ğŸ¶ Buyerâ€™s Checklist for Gun Dogs,Cocker Spaniels,2000,,,,,,,,,,,,False,True,False,False,False,False,False,True,False,False,False,gundogs_direct,https://gundogsdirect.co.uk/dogs-for-sale/cocker-spaniels-for-sale/part-trained-cocker-spaniels/30876,2026-01-24T17:08:31.217443,
30875,,ğŸ¶ Buyerâ€™s Checklist for Gun Dogs,Springer Spaniels,1000,,,,,,,,,,,,False,True,False,False,False,False,False,True,False,True,True,gundogs_direct,https://gundogsdirect.co.uk/dogs-for-sale/springer-spaniels-for-sale/springer-spaniel-puppies/30875,2026-01-24T17:08:34.017137,
30871,,ğŸ¶ Buyerâ€™s Checklist for Gun Dogs,Cocker Spaniels,500,,,,,,,,,,,,False,False,False,False,False,False,False,True,False,True,True,gundogs_direct,https://gundogsdirect.co.uk/dogs-for-sale/cocker-spaniels-for-sale/cocker-spaniel-puppies/30871,2026-01-24T17:08:37.378643,
30868,,ğŸ¶ Buyerâ€™s Checklist for Gun Dogs,Labradors,4000,,,,,,,,,,,,False,True,False,False,False,False,False,True,False,False,False,gundogs_direct,https://gundogsdirect.co.uk/dogs-for-sale/labradors-for-sale/trained-labradors/30868,2026-01-24T17:08:40.040412,
30867,,ğŸ¶ Buyerâ€™s Checklist for Gun Dogs,Labradors,500,,,,,,,,,,,,False,True,False,False,False,False,False,True,False,True,False,gundogs_direct,https://gundogsdirect.co.uk/dogs-for-sale/labradors-for-sale/labradors-at-stud/30867,2026-01-24T17:08:42.801190,
30864,,ğŸ¶ Buyerâ€™s Checklist for Gun Dogs,Labradors,500,,,,,,,,,,,,False,True,False,False,False,False,False,True,False,False,False,gundogs_direct,https://gundogsdirect.co.uk/dogs-for-sale/labradors-for-sale/labradors-at-stud/30864,2026-01-24T17:08:45.475864,
30862,,ğŸ¶ Buyerâ€™s Checklist for Gun Dogs,Labradors,900,,,,,,,,,,,,False,True,False,False,False,False,False,True,False,False,False,gundogs_direct,https://gundogsdirect.co.uk/dogs-for-sale/labradors-for-sale/labradors-at-stud/30862,2026-01-24T17:08:48.095280,
30861,,ğŸ¶ Buyerâ€™s Checklist for Gun Dogs,Labradors,900,,,,,,,,,,,,False,True,False,False,False,False,False,True,False,False,False,gundogs_direct,https://gundogsdirect.co.uk/dogs-for-sale/labradors-for-sale/labradors-at-stud/30861,2026-01-24T17:08:51.081266,
30851,,ğŸ¶ Buyerâ€™s Checklist for Gun Dogs,Labradors,599,,,,,,,,,,,,False,False,False,False,False,False,False,True,False,True,True,gundogs_direct,https://gundogsdirect.co.uk/dogs-for-sale/labradors-for-sale/labrador-puppies-for-sale/30851,2026-01-24T17:08:54.627207,
30841,,ğŸ¶ Buyerâ€™s Checklist for Gun Dogs,Labradors,2200,,,,,,,,,,,,False,True,False,False,False,False,False,True,False,True,True,gundogs_direct,https://gundogsdirect.co.uk/dogs-for-sale/labradors-for-sale/labrador-puppies-for-sale/30841,2026-01-24T17:08:57.228674,
30835,,ğŸ¶ Buyerâ€™s Checklist for Gun Dogs,,0,,,,,,,,,,,,False,True,False,False,False,False,False,True,False,False,False,gundogs_direct,https://gundogsdirect.co.uk/dogs-for-sale/hungarian-visla/hungarian-visla-stud/30835,2026-01-24T17:08:59.945136,
30832,,ğŸ¶ Buyerâ€™s Checklist for Gun Dogs,,2000,,,,,,,,,,,,False,True,False,False,False,False,False,True,False,True,True,gundogs_direct,https://gundogsdirect.co.uk/dogs-for-sale/hungarian-visla/hungarian-visla-puppies/30832,2026-01-24T17:09:02.546789,
30831,,ğŸ¶ Buyerâ€™s Checklist for Gun Dogs,Springer Spaniels,2400,,,,,,,,,,,,False,False,False,False,False,False,False,True,False,True,True,gundogs_direct,https://gundogsdirect.co.uk/dogs-for-sale/springer-spaniels-for-sale/trained-springer-spaniels/30831,2026-01-24T17:09:05.353270,
30818,,ğŸ¶ Buyerâ€™s Checklist for Gun Dogs,,1350,,,,,,,,,,,,False,True,False,False,False,False,False,True,False,True,True,gundogs_direct,https://gundogsdirect.co.uk/dogs-for-sale/pointer/pointer-puppies/30818,2026-01-24T17:09:08.031224,
30816,,ğŸ¶ Buyerâ€™s Checklist for Gun Dogs,Labradors,500,,,,,,,,,,,,False,True,False,False,False,False,False,True,False,False,False,gundogs_direct,https://gundogsdirect.co.uk/dogs-for-sale/labradors-for-sale/labradors-at-stud/30816,2026-01-24T17:09:10.973712,
30814,,ğŸ¶ Buyerâ€™s Checklist for Gun Dogs,Springer Spaniels,1000,,,,,,,,,,,,False,False,False,False,False,False,False,True,False,True,True,gundogs_direct,https://gundogsdirect.co.uk/dogs-for-sale/springer-spaniels-for-sale/springer-spaniel-puppies/30814,2026-01-24T17:09:13.869850,
30813,,ğŸ¶ Buyerâ€™s Checklist for Gun Dogs,Labradors,3750,,,,,,,,,,,,False,True,False,False,False,False,False,True,False,True,True,gundogs_direct,https://gundogsdirect.co.uk/dogs-for-sale/labradors-for-sale/trained-labradors/30813,2026-01-24T17:09:16.665167,
30812,,ğŸ¶ Buyerâ€™s Checklist for Gun Dogs,Labradors,500,,,,,,,,,,,,False,True,False,False,False,False,False,True,False,True,False,gundogs_direct,https://gundogsdirect.co.uk/dogs-for-sale/labradors-for-sale/labradors-at-stud/30812,2026-01-24T17:09:19.377047,
30810,,ğŸ¶ Buyerâ€™s Checklist for Gun Dogs,Labradors,1100,,,,,,,,,,,,False,True,False,False,False,False,False,True,False,True,True,gundogs_direct,https://gundogsdirect.co.uk/dogs-for-sale/labradors-for-sale/labrador-puppies-for-sale/30810,2026-01-24T17:09:22.733321,
30807,,ğŸ¶ Buyerâ€™s Checklist for Gun Dogs,Springer Spaniels,200,,,,,,,,,,,,False,False,False,False,False,False,False,True,False,True,True,gundogs_direct,https://gundogsdirect.co.uk/dogs-for-sale/springer-spaniels-for-sale/springer-spaniel-puppies/30807,2026-01-24T17:09:25.591017,
30802,,ğŸ¶ Buyerâ€™s Checklist for Gun Dogs,Labradors,1550,,,,,,,,,,,,False,True,False,False,False,False,False,True,False,True,False,gundogs_direct,https://gundogsdirect.co.uk/dogs-for-sale/labradors-for-sale/trained-labradors/30802,2026-01-24T17:09:28.197550,
30800,,ğŸ¶ Buyerâ€™s Checklist for Gun Dogs,Cocker Spaniels,350,,,,,,,,,,,,False,True,False,False,False,False,False,True,False,False,False,gundogs_direct,https://gundogsdirect.co.uk/dogs-for-sale/cocker-spaniels-for-sale/cocker-spaniel-at-stud/30800,2026-01-24T17:09:30.972494,
30797,,ğŸ¶ Buyerâ€™s Checklist for Gun Dogs,,800,,,,NOW,,,,,,,,False,False,False,False,False,False,False,True,False,True,True,gundogs_direct,https://gundogsdirect.co.uk/dogs-for-sale/teckel/teckel-puppies/30797,2026-01-24T17:09:33.615771,
30795,,ğŸ¶ Buyerâ€™s Checklist for Gun Dogs,Springer Spaniels,995,,,,,,,,,,,,False,False,False,False,False,False,False,True,False,True,True,gundogs_direct,https://gundogsdirect.co.uk/dogs-for-sale/springer-spaniels-for-sale/springer-spaniel-puppies/30795,2026-01-24T17:09:36.726147,
30788,,ğŸ¶ Buyerâ€™s Checklist for Gun Dogs,Cocker Spaniels,1200,,,,,,,,,,,,False,False,False,False,False,False,False,True,False,False,True,gundogs_direct,https://gundogsdirect.co.uk/dogs-for-sale/cocker-spaniels-for-sale/cocker-spaniel-puppies/30788,2026-01-24T17:09:39.229078,
30782,,ğŸ¶ Buyerâ€™s Checklist for Gun Dogs,Cocker Spaniels,450,,,,,,,,,,,,False,False,False,False,False,False,False,True,False,True,False,gundogs_direct,https://gundogsdirect.co.uk/dogs-for-sale/cocker-spaniels-for-sale/cocker-spaniel-at-stud/30782,2026-01-24T17:09:41.971519,
30777,,ğŸ¶ Buyerâ€™s Checklist for Gun Dogs,,1500,,,,,,,,,,,,False,True,False,False,False,False,False,True,False,True,True,gundogs_direct,https://gundogsdirect.co.uk/dogs-for-sale/golden-retriever/golden-retriever-puppies/30777,2026-01-24T17:09:44.510220,
30776,,ğŸ¶ Buyerâ€™s Checklist for Gun Dogs,Springer Spaniels,4000,,,,,,,,,,,,False,False,False,False,False,False,False,False,False,False,False,gundogs_direct,https://gundogsdirect.co.uk/dogs-for-sale/springer-spaniels-for-sale/trained-springer-spaniels/30776,2026-01-24T17:09:47.577861,
30775,,ğŸ¶ Buyerâ€™s Checklist for Gun Dogs,Labradors,900,,,,now,,,,,,,,False,True,False,False,False,False,False,True,False,True,True,gundogs_direct,https://gundogsdirect.co.uk/dogs-for-sale/labradors-for-sale/labrador-puppies-for-sale/30775,2026-01-24T17:09:50.236130,
30769,,ğŸ¶ Buyerâ€™s Checklist for Gun Dogs,Springer Spaniels,2300,,,,,,,,,,,,False,True,False,False,False,False,False,True,False,False,False,gundogs_direct,https://gundogsdirect.co.uk/dogs-for-sale/springer-spaniels-for-sale/part-traind-springer-spaniels/30769,2026-01-24T17:09:53.223547,
30768,,ğŸ¶ Buyerâ€™s Checklist for Gun Dogs,Springer Spaniels,350,,,,,,,,,,,,False,True,False,False,False,False,False,True,False,False,False,gundogs_direct,https://gundogsdirect.co.uk/dogs-for-sale/springer-spaniels-for-sale/springer-spaniels-at-stud/30768,2026-01-24T17:09:55.707202,
30767,,ğŸ¶ Buyerâ€™s Checklist for Gun Dogs,Cocker Spaniels,240,,,,,,,,,,,,False,True,False,False,False,False,False,True,False,True,True,gundogs_direct,https://gundogsdirect.co.uk/dogs-for-sale/cocker-spaniels-for-sale/cocker-spaniel-puppies/30767,2026-01-24T17:09:58.439235,
30761,,ğŸ¶ Buyerâ€™s Checklist for Gun Dogs,Labradors,591,,,,,,,,,,,,False,True,False,False,False,False,False,True,False,False,False,gundogs_direct,https://gundogsdirect.co.uk/dogs-for-sale/labradors-for-sale/labradors-at-stud/30761,2026-01-24T17:10:01.283721,
30760,,ğŸ¶ Buyerâ€™s Checklist for Gun Dogs,Labradors,600,,,,,,,,,,,,False,True,False,False,False,False,False,True,False,False,False,gundogs_direct,https://gundogsdirect.co.uk/dogs-for-sale/labradors-for-sale/labradors-at-stud/30760,2026-01-24T17:10:04.009325,
30759,,ğŸ¶ Buyerâ€™s Checklist for Gun Dogs,,1200,,,,,,,,,,,,False,False,False,False,False,False,False,True,False,True,True,gundogs_direct,https://gundogsdirect.co.uk/dogs-for-sale/gwp/gwp-puppies/30759,2026-01-24T17:10:06.765692,
30755,,ğŸ¶ Buyerâ€™s Checklist for Gun Dogs,Labradors,250,,,,,,,,,,,,False,True,False,False,False,False,False,True,False,False,False,gundogs_direct,https://gundogsdirect.co.uk/dogs-for-sale/labradors-for-sale/labradors-at-stud/30755,2026-01-24T17:10:09.762561,
30754,,ğŸ¶ Buyerâ€™s Checklist for Gun Dogs,Springer Spaniels,1500,,,,,,,,,,,,False,True,False,False,False,False,False,True,False,True,True,gundogs_direct,https://gundogsdirect.co.uk/dogs-for-sale/springer-spaniels-for-sale/springer-spaniel-puppies/30754,2026-01-24T17:10:12.493619,
30745,,ğŸ¶ Buyerâ€™s Checklist for Gun Dogs,Cocker Spaniels,750,,,,,,,,,,,,False,True,False,False,False,False,False,True,False,False,False,gundogs_direct,https://gundogsdirect.co.uk/dogs-for-sale/cocker-spaniels-for-sale/part-trained-cocker-spaniels/30745,2026-01-24T17:10:15.329303,
30744,,ğŸ¶ Buyerâ€™s Checklist for Gun Dogs,Springer Spaniels,1000,,,,,,,,,,,,False,True,False,False,False,False,False,True,False,True,True,gundogs_direct,https://gundogsdirect.co.uk/dogs-for-sale/springer-spaniels-for-sale/springer-spaniel-puppies/30744,2026-01-24T17:10:18.041354,
30743,,ğŸ¶ Buyerâ€™s Checklist for Gun Dogs,,1300,,,,,,,,,,,,False,False,False,False,False,False,False,True,False,True,True,gundogs_direct,https://gundogsdirect.co.uk/dogs-for-sale/teckel/teckel-puppies/30743,2026-01-24T17:10:20.599512,
30740,,ğŸ¶ Buyerâ€™s Checklist for Gun Dogs,Springer Spaniels,200,,,,,,,,,,,,False,True,False,False,False,False,False,True,False,False,False,gundogs_direct,https://gundogsdirect.co.uk/dogs-for-sale/springer-spaniels-for-sale/springer-spaniels-at-stud/30740,2026-01-24T17:10:23.157583,
30739,,ğŸ¶ Buyerâ€™s Checklist for Gun Dogs,Labradors,800,,,,,,,,,,,,False,False,False,False,False,False,False,True,False,True,True,gundogs_direct,https://gundogsdirect.co.uk/dogs-for-sale/labradors-for-sale/labrador-puppies-for-sale/30739,2026-01-24T17:10:26.333361,
30735,,ğŸ¶ Buyerâ€™s Checklist for Gun Dogs,Springer Spaniels,400,,,,,,,,,,,,False,True,False,False,False,False,False,True,False,False,False,gundogs_direct,https://gundogsdirect.co.uk/dogs-for-sale/springer-spaniels-for-sale/springer-spaniels-at-stud/30735,2026-01-24T17:10:29.101994,
30734,,ğŸ¶ Buyerâ€™s Checklist for Gun Dogs,Cocker Spaniels,500,,,,,,,,,,,,False,True,False,False,False,False,False,True,False,True,False,gundogs_direct,https://gundogsdirect.co.uk/dogs-for-sale/cocker-spaniels-for-sale/cocker-spaniel-at-stud/30734,2026-01-24T17:10:31.857387,
30732,,ğŸ¶ Buyerâ€™s Checklist for Gun Dogs,Labradors,600,,,,,,,,,,,,False,True,False,False,False,False,False,False,False,False,False,gundogs_direct,https://gundogsdirect.co.uk/dogs-for-sale/labradors-for-sale/labradors-at-stud/30732,2026-01-24T17:10:34.870094,
30724,,ğŸ¶ Buyerâ€™s Checklist for Gun Dogs,Cocker Spaniels,350,,,,,,,,,,,,False,True,False,False,False,False,False,True,False,False,False,gundogs_direct,https://gundogsdirect.co.uk/dogs-for-sale/cocker-spaniels-for-sale/cocker-spaniel-at-stud/30724,2026-01-24T17:10:37.575710,
30720,,ğŸ¶ Buyerâ€™s Checklist for Gun Dogs,,1250,,,,,,,,,,,,False,False,False,False,False,False,False,True,False,True,True,gundogs_direct,https://gundogsdirect.co.uk/dogs-for-sale/gwp/gwp-puppies/30720,2026-01-24T17:10:40.492431,
30714,,ğŸ¶ Buyerâ€™s Checklist for Gun Dogs,Labradors,500,,,,,,,,,,,,False,True,False,False,False,False,False,True,False,True,True,gundogs_direct,https://gundogsdirect.co.uk/dogs-for-sale/labradors-for-sale/labrador-puppies-for-sale/30714,2026-01-24T17:10:43.035003,
30713,,ğŸ¶ Buyerâ€™s Checklist for Gun Dogs,,650,,,,,,,,,,,,False,True,False,False,False,False,False,True,False,False,False,gundogs_direct,https://gundogsdirect.co.uk/dogs-for-sale/hungarian-wirehired-visla/hungarian-wirehired-visla-stud/30713,2026-01-24T17:10:45.974601,
30711,,ğŸ¶ Buyerâ€™s Checklist for Gun Dogs,Cocker Spaniels,123,,,,,,,,,,,,False,True,False,False,False,False,False,True,False,False,False,gundogs_direct,https://gundogsdirect.co.uk/dogs-for-sale/cocker-spaniels-for-sale/cocker-spaniel-at-stud/30711,2026-01-24T17:10:48.743140,
30708,,ğŸ¶ Buyerâ€™s Checklist for Gun Dogs,,1000,,,,now,,,,,,,,False,True,False,False,False,False,False,True,False,True,True,gundogs_direct,https://gundogsdirect.co.uk/dogs-for-sale/teckel/teckel-puppies/30708,2026-01-24T17:10:51.404852,
30703,,ğŸ¶ Buyerâ€™s Checklist for Gun Dogs,Springer Spaniels,1200,,,,,,,,,,,,False,False,False,False,False,False,False,True,False,True,True,gundogs_direct,https://gundogsdirect.co.uk/dogs-for-sale/springer-spaniels-for-sale/springer-spaniel-puppies/30703,2026-01-24T17:10:54.119508,
30702,,ğŸ¶ Buyerâ€™s Checklist for Gun Dogs,Labradors,350,,,,,,,,,,,,False,True,False,False,False,False,False,True,False,False,False,gundogs_direct,https://gundogsdirect.co.uk/dogs-for-sale/labradors-for-sale/labradors-at-stud/30702,2026-01-24T17:10:56.662412,
30698,,ğŸ¶ Buyerâ€™s Checklist for Gun Dogs,Cocker Spaniels,1550,,,,,,,,,,,,False,True,False,False,False,False,False,True,False,True,True,gundogs_direct,https://gundogsdirect.co.uk/dogs-for-sale/cocker-spaniels-for-sale/cocker-spaniel-puppies/30698,2026-01-24T17:10:59.280719,
30697,,ğŸ¶ Buyerâ€™s Checklist for Gun Dogs,Cocker Spaniels,100,,,,,,,,,,,,False,False,False,False,False,False,False,True,False,False,False,gundogs_direct,https://gundogsdirect.co.uk/dogs-for-sale/cocker-spaniels-for-sale/part-trained-cocker-spaniels/30697,2026-01-24T17:11:02.178957,
30696,,ğŸ¶ Buyerâ€™s Checklist for Gun Dogs,Springer Spaniels,1550,,,,,,,,,,,,False,False,False,False,False,False,False,True,False,False,False,gundogs_direct,https://gundogsdirect.co.uk/dogs-for-sale/springer-spaniels-for-sale/springer-spaniels-at-stud/30696,2026-01-24T17:11:04.898052,
30684,,ğŸ¶ Buyerâ€™s Checklist for Gun Dogs,Labradors,750,,,,,,,,,,,,False,False,False,False,False,False,False,True,False,True,True,gundogs_direct,https://gundogsdirect.co.uk/dogs-for-sale/labradors-for-sale/labrador-puppies-for-sale/30684,2026-01-24T17:11:07.716021,
30681,,ğŸ¶ Buyerâ€™s Checklist for Gun Dogs,Cocker Spaniels,475,,,,,,,,,,,,False,True,False,False,False,False,False,True,False,False,False,gundogs_direct,https://gundogsdirect.co.uk/dogs-for-sale/cocker-spaniels-for-sale/cocker-spaniel-at-stud/30681,2026-01-24T17:11:10.366866,
30676,,ğŸ¶ Buyerâ€™s Checklist for Gun Dogs,Cocker Spaniels,1250,,,,,,,,,,,,False,True,False,False,False,False,False,True,False,True,True,gundogs_direct,https://gundogsdirect.co.uk/dogs-for-sale/cocker-spaniels-for-sale/cocker-spaniel-puppies/30676,2026-01-24T17:11:12.950758,
30674,,ğŸ¶ Buyerâ€™s Checklist for Gun Dogs,,2000,,,,,,,,,,,,False,True,False,False,False,False,False,True,False,False,False,gundogs_direct,https://gundogsdirect.co.uk/dogs-for-sale/hungarian-visla/hungarian-visla-part/30674,2026-01-24T17:11:15.571700,
30673,,ğŸ¶ Buyerâ€™s Checklist for Gun Dogs,Cocker Spaniels,350,,,,,,,,,,,,False,False,False,False,False,False,False,True,False,True,False,gundogs_direct,https://gundogsdirect.co.uk/dogs-for-sale/cocker-spaniels-for-sale/cocker-spaniel-at-stud/30673,2026-01-24T17:11:18.435139,
30671,,ğŸ¶ Buyerâ€™s Checklist for Gun Dogs,Labradors,1000,,,,,,,,,,,,False,False,False,False,False,False,False,True,False,True,True,gundogs_direct,https://gundogsdirect.co.uk/dogs-for-sale/labradors-for-sale/labrador-puppies-for-sale/30671,2026-01-24T17:11:21.671009,
30670,,ğŸ¶ Buyerâ€™s Checklist for Gun Dogs,Springer Spaniels,350,,,,,,,,,,,,False,True,False,False,False,False,False,True,False,False,False,gundogs_direct,https://gundogsdirect.co.uk/dogs-for-sale/springer-spaniels-for-sale/springer-spaniels-at-stud/30670,2026-01-24T17:11:26.372437,
30668,,ğŸ¶ Buyerâ€™s Checklist for Gun Dogs,Springer Spaniels,1500,,,,,,,,,,,,False,True,False,False,False,False,False,True,False,True,True,gundogs_direct,https://gundogsdirect.co.uk/dogs-for-sale/springer-spaniels-for-sale/springer-spaniel-puppies/30668,2026-01-24T17:11:29.296896,
30661,,ğŸ¶ Buyerâ€™s Checklist for Gun Dogs,Springer Spaniels,1000,,,,,,,,,,,,False,True,False,False,False,False,False,True,False,True,True,gundogs_direct,https://gundogsdirect.co.uk/dogs-for-sale/springer-spaniels-for-sale/springer-spaniel-puppies/30661,2026-01-24T17:11:32.274731,
30654,,ğŸ¶ Buyerâ€™s Checklist for Gun Dogs,Cocker Spaniels,1000,,,,,,,,,,,,False,False,False,False,False,False,False,True,False,True,True,gundogs_direct,https://gundogsdirect.co.uk/dogs-for-sale/cocker-spaniels-for-sale/cocker-spaniel-puppies/30654,2026-01-24T17:11:34.944493,
30651,,ğŸ¶ Buyerâ€™s Checklist for Gun Dogs,,500,,,,,,,,,,,,False,True,False,False,False,False,False,True,False,False,False,gundogs_direct,https://gundogsdirect.co.uk/dogs-for-sale/gsp/gsp-stud/30651,2026-01-24T17:11:37.674651,
30649,,ğŸ¶ Buyerâ€™s Checklist for Gun Dogs,Cocker Spaniels,500,,,,,,,,,,,,False,True,False,False,False,False,False,True,False,False,False,gundogs_direct,https://gundogsdirect.co.uk/dogs-for-sale/cocker-spaniels-for-sale/cocker-spaniel-at-stud/30649,2026-01-24T17:11:41.120806,
30648,,ğŸ¶ Buyerâ€™s Checklist for Gun Dogs,Cocker Spaniels,400,,,,,,,,,,,,False,True,False,False,False,False,False,True,False,True,False,gundogs_direct,https://gundogsdirect.co.uk/dogs-for-sale/cocker-spaniels-for-sale/cocker-spaniel-at-stud/30648,2026-01-24T17:11:43.906083,
30640,,Ad Page,Cocker Spaniels,,,,,,,,,,,,,False,False,False,False,False,False,False,False,False,False,False,gundogs_direct,https://gundogsdirect.co.uk/dogs-for-sale/cocker-spaniels-for-sale/cocker-spaniel-puppies/30640,2026-01-24T17:11:46.628084,
30637,,ğŸ¶ Buyerâ€™s Checklist for Gun Dogs,Labradors,900,,,,,,,,,,,,False,False,False,False,False,False,False,True,False,True,True,gundogs_direct,https://gundogsdirect.co.uk/dogs-for-sale/labradors-for-sale/labrador-puppies-for-sale/30637,2026-01-24T17:11:49.015910,
30632,,ğŸ¶ Buyerâ€™s Checklist for Gun Dogs,Springer Spaniels,850,,,,,,,,,,,,False,False,False,False,False,False,False,True,False,False,False,gundogs_direct,https://gundogsdirect.co.uk/dogs-for-sale/springer-spaniels-for-sale/part-traind-springer-spaniels/30632,2026-01-24T17:11:51.889701,
30630,,ğŸ¶ Buyerâ€™s Checklist for Gun Dogs,Springer Spaniels,400,,,,,,,,,,,,False,True,False,False,False,False,False,True,False,True,False,gundogs_direct,https://gundogsdirect.co.uk/dogs-for-sale/springer-spaniels-for-sale/springer-spaniels-at-stud/30630,2026-01-24T17:11:55.060033,
30629,,ğŸ¶ Buyerâ€™s Checklist for Gun Dogs,,2000,,,,,,,,,,,,False,True,False,False,False,False,False,True,False,True,True,gundogs_direct,https://gundogsdirect.co.uk/dogs-for-sale/other-pure-breed/other-pure-breed-puppies/30629,2026-01-24T17:11:57.952127,
30625,,ğŸ¶ Buyerâ€™s Checklist for Gun Dogs,Cocker Spaniels,500,,,,,,,,,,,,False,False,False,False,False,False,False,True,False,False,False,gundogs_direct,https://gundogsdirect.co.uk/dogs-for-sale/cocker-spaniels-for-sale/cocker-spaniel-puppies/30625,2026-01-24T17:12:00.769836,
30607,,ğŸ¶ Buyerâ€™s Checklist for Gun Dogs,Labradors,1500,,,,,,,,,,,,False,True,False,False,False,False,False,True,False,True,True,gundogs_direct,https://gundogsdirect.co.uk/dogs-for-sale/labradors-for-sale/labrador-puppies-for-sale/30607,2026-01-24T17:12:04.013152,
30594,,ğŸ¶ Buyerâ€™s Checklist for Gun Dogs,Springer Spaniels,1000,,,,,,,,,,,,False,True,False,False,False,False,False,True,False,True,True,gundogs_direct,https://gundogsdirect.co.uk/dogs-for-sale/springer-spaniels-for-sale/springer-spaniel-puppies/30594,2026-01-24T17:12:07.141397,
30593,,ğŸ¶ Buyerâ€™s Checklist for Gun Dogs,,2000,,,,,,,,,,,,False,True,False,False,False,False,False,True,False,False,False,gundogs_direct,https://gundogsdirect.co.uk/dogs-for-sale/munsterlander/munsterlander-part-trained/30593,2026-01-24T17:12:10.059825,
30578,,ğŸ¶ Buyerâ€™s Checklist for Gun Dogs,Labradors,250,,,,,,,,,,,,False,True,False,False,False,False,False,True,False,True,False,gundogs_direct,https://gundogsdirect.co.uk/dogs-for-sale/labradors-for-sale/labradors-at-stud/30578,2026-01-24T17:12:12.747731,
30576,,ğŸ¶ Buyerâ€™s Checklist for Gun Dogs,Cocker Spaniels,300,,,,,,,,,,,,False,False,False,False,False,False,False,True,False,True,False,gundogs_direct,https://gundogsdirect.co.uk/dogs-for-sale/cocker-spaniels-for-sale/cocker-spaniel-at-stud/30576,2026-01-24T17:12:15.339685,
30543,,ğŸ¶ Buyerâ€™s Checklist for Gun Dogs,Labradors,750,,,,,,,,,,,,False,True,False,False,False,False,False,True,False,False,False,gundogs_direct,https://gundogsdirect.co.uk/dogs-for-sale/labradors-for-sale/labradors-at-stud/30543,2026-01-24T17:12:18.070458,
30535,,ğŸ¶ Buyerâ€™s Checklist for Gun Dogs,Cocker Spaniels,450,,,,,,,,,,,,False,True,False,False,False,False,False,True,False,True,False,gundogs_direct,https://gundogsdirect.co.uk/dogs-for-sale/cocker-spaniels-for-sale/cocker-spaniel-at-stud/30535,2026-01-24T17:12:21.602608,
30516,,ğŸ¶ Buyerâ€™s Checklist for Gun Dogs,,650,,,,,,,,,,,,False,False,False,False,False,False,False,True,False,True,False,gundogs_direct,https://gundogsdirect.co.uk/dogs-for-sale/gwp/gwp-stud/30516,2026-01-24T17:12:24.608030,
30513,,ğŸ¶ Buyerâ€™s Checklist for Gun Dogs,Labradors,400,,,,,,,,,,,,False,True,False,False,False,False,False,True,False,False,False,gundogs_direct,https://gundogsdirect.co.uk/dogs-for-sale/labradors-for-sale/labradors-at-stud/30513,2026-01-24T17:12:27.475761,
30512,,ğŸ¶ Buyerâ€™s Checklist for Gun Dogs,Cocker Spaniels,200,,,,,,,,,,,,False,True,False,False,False,False,False,True,False,True,False,gundogs_direct,https://gundogsdirect.co.uk/dogs-for-sale/cocker-spaniels-for-sale/cocker-spaniel-at-stud/30512,2026-01-24T17:12:30.261319,
30504,,ğŸ¶ Buyerâ€™s Checklist for Gun Dogs,,500,,,,,,,,,,,,False,True,False,False,False,False,False,True,False,False,False,gundogs_direct,https://gundogsdirect.co.uk/dogs-for-sale/hungarian-wirehired-visla/hungarian-wirehired-visla-stud/30504,2026-01-24T17:12:33.191249,
30483,,ğŸ¶ Buyerâ€™s Checklist for Gun Dogs,Labradors,400,,,,,,,,,,,,False,True,False,False,False,False,False,True,False,False,False,gundogs_direct,https://gundogsdirect.co.uk/dogs-for-sale/labradors-for-sale/labradors-at-stud/30483,2026-01-24T17:12:35.897176,
30452,,ğŸ¶ Buyerâ€™s Checklist for Gun Dogs,Cocker Spaniels,280,,,,,,,,,,,,False,False,False,False,False,False,False,True,False,False,False,gundogs_direct,https://gundogsdirect.co.uk/dogs-for-sale/cocker-spaniels-for-sale/cocker-spaniel-at-stud/30452,2026-01-24T17:12:38.903787,
30435,,ğŸ¶ Buyerâ€™s Checklist for Gun Dogs,Cocker Spaniels,350,,,,,,,,,,,,False,True,False,False,False,False,False,False,False,True,False,gundogs_direct,https://gundogsdirect.co.uk/dogs-for-sale/cocker-spaniels-for-sale/cocker-spaniel-at-stud/30435,2026-01-24T17:12:41.464204,
30418,,ğŸ¶ Buyerâ€™s Checklist for Gun Dogs,Labradors,400,,,,,,,,,,,,False,True,False,False,False,False,False,True,False,False,False,gundogs_direct,https://gundogsdirect.co.uk/dogs-for-sale/labradors-for-sale/labradors-at-stud/30418,2026-01-24T17:12:44.183366,
30416,,ğŸ¶ Buyerâ€™s Checklist for Gun Dogs,Cocker Spaniels,400,,,,,,,,,,,,False,True,False,False,False,False,False,True,False,False,False,gundogs_direct,https://gundogsdirect.co.uk/dogs-for-sale/cocker-spaniels-for-sale/cocker-spaniel-at-stud/30416,2026-01-24T17:12:46.983084,
30380,,ğŸ¶ Buyerâ€™s Checklist for Gun Dogs,Labradors,250,,,,,,,,,,,,False,True,False,False,False,False,False,True,False,True,False,gundogs_direct,https://gundogsdirect.co.uk/dogs-for-sale/labradors-for-sale/labradors-at-stud/30380,2026-01-24T17:12:49.808680,
30376,,ğŸ¶ Buyerâ€™s Checklist for Gun Dogs,Cocker Spaniels,400,,,,,,,,,,,,False,True,False,False,False,False,False,True,False,True,False,gundogs_direct,https://gundogsdirect.co.uk/dogs-for-sale/cocker-spaniels-for-sale/cocker-spaniel-at-stud/30376,2026-01-24T17:12:52.612653,
30335,,ğŸ¶ Buyerâ€™s Checklist for Gun Dogs,Labradors,600,,,,,,,,,,,,False,True,False,False,False,False,False,True,False,False,False,gundogs_direct,https://gundogsdirect.co.uk/dogs-for-sale/labradors-for-sale/labradors-at-stud/30335,2026-01-24T17:12:55.127580,
30334,,ğŸ¶ Buyerâ€™s Checklist for Gun Dogs,Cocker Spaniels,400,,,,,,,,,,,,False,True,False,False,False,False,False,True,False,True,False,gundogs_direct,https://gundogsdirect.co.uk/dogs-for-sale/cocker-spaniels-for-sale/cocker-spaniel-at-stud/30334,2026-01-24T17:12:57.854013,
30326,,ğŸ¶ Buyerâ€™s Checklist for Gun Dogs,Labradors,1,,,,,,,,,,,,False,True,False,False,False,False,False,True,False,False,False,gundogs_direct,https://gundogsdirect.co.uk/dogs-for-sale/labradors-for-sale/labradors-at-stud/30326,2026-01-24T17:13:00.553316,
30316,,ğŸ¶ Buyerâ€™s Checklist for Gun Dogs,Labradors,400,,,,,,,,,,,,False,True,False,False,False,False,False,True,False,True,False,gundogs_direct,https://gundogsdirect.co.uk/dogs-for-sale/labradors-for-sale/labradors-at-stud/30316,2026-01-24T17:13:03.095790,
30264,,ğŸ¶ Buyerâ€™s Checklist for Gun Dogs,Springer Spaniels,400,,,,,,,,,,,,False,True,False,False,False,False,False,True,False,False,False,gundogs_direct,https://gundogsdirect.co.uk/dogs-for-sale/springer-spaniels-for-sale/springer-spaniels-at-stud/30264,2026-01-24T17:13:05.540026,
30261,,ğŸ¶ Buyerâ€™s Checklist for Gun Dogs,,650,,,,,,,,,,,,False,True,False,False,False,False,False,True,False,True,False,gundogs_direct,https://gundogsdirect.co.uk/dogs-for-sale/hungarian-wirehired-visla/hungarian-wirehired-visla-stud/30261,2026-01-24T17:13:08.436795,
30259,,ğŸ¶ Buyerâ€™s Checklist for Gun Dogs,Springer Spaniels,600,,,,,,,,,,,,False,True,False,False,False,False,False,True,False,False,False,gundogs_direct,https://gundogsdirect.co.uk/dogs-for-sale/springer-spaniels-for-sale/springer-spaniels-at-stud/30259,2026-01-24T17:13:11.157126,
30258,,ğŸ¶ Buyerâ€™s Checklist for Gun Dogs,Cocker Spaniels,600,,,,,,,,,,,,False,True,False,False,False,False,False,True,False,True,False,gundogs_direct,https://gundogsdirect.co.uk/dogs-for-sale/cocker-spaniels-for-sale/cocker-spaniel-at-stud/30258,2026-01-24T17:13:13.628367,
30252,,ğŸ¶ Buyerâ€™s Checklist for Gun Dogs,Cocker Spaniels,400,,,,,,,,,,,,False,True,False,False,False,False,False,True,False,True,False,gundogs_direct,https://gundogsdirect.co.uk/dogs-for-sale/cocker-spaniels-for-sale/cocker-spaniel-at-stud/30252,2026-01-24T17:13:16.305018,
30249,,ğŸ¶ Buyerâ€™s Checklist for Gun Dogs,Cocker Spaniels,400,,,,,,,,,,,,False,True,False,False,False,False,False,True,False,True,False,gundogs_direct,https://gundogsdirect.co.uk/dogs-for-sale/cocker-spaniels-for-sale/cocker-spaniel-at-stud/30249,2026-01-24T17:13:18.913226,
30248,,ğŸ¶ Buyerâ€™s Checklist for Gun Dogs,Cocker Spaniels,400,,,,,,,,,,,,False,True,False,False,False,False,False,True,False,True,False,gundogs_direct,https://gundogsdirect.co.uk/dogs-for-sale/cocker-spaniels-for-sale/cocker-spaniel-at-stud/30248,2026-01-24T17:13:21.461016,
30247,,ğŸ¶ Buyerâ€™s Checklist for Gun Dogs,Cocker Spaniels,400,,,,,,,,,,,,False,True,False,False,False,False,False,True,False,True,False,gundogs_direct,https://gundogsdirect.co.uk/dogs-for-sale/cocker-spaniels-for-sale/cocker-spaniel-at-stud/30247,2026-01-24T17:13:23.970246,
30222,,ğŸ¶ Buyerâ€™s Checklist for Gun Dogs,,1550,,,,,,,,,,,,False,False,False,False,False,False,False,True,False,False,False,gundogs_direct,https://gundogsdirect.co.uk/dogs-for-sale/cross-breed-dogs/cross-breed-dogs-stud/30222,2026-01-24T17:13:26.508962,
30192,,ğŸ¶ Buyerâ€™s Checklist for Gun Dogs,Cocker Spaniels,850,,,,,,,,,,,,False,False,False,False,False,False,False,True,False,False,False,gundogs_direct,https://gundogsdirect.co.uk/dogs-for-sale/cocker-spaniels-for-sale/cocker-spaniel-at-stud/30192,2026-01-24T17:13:29.225257,
30187,,ğŸ¶ Buyerâ€™s Checklist for Gun Dogs,Cocker Spaniels,250,,,,,,,,,,,,False,True,False,False,False,False,False,True,False,False,False,gundogs_direct,https://gundogsdirect.co.uk/dogs-for-sale/cocker-spaniels-for-sale/cocker-spaniel-at-stud/30187,2026-01-24T17:13:31.804897,
30175,,ğŸ¶ Buyerâ€™s Checklist for Gun Dogs,Springer Spaniels,300,,,,,,,,,,,,False,True,False,False,False,False,False,True,False,False,False,gundogs_direct,https://gundogsdirect.co.uk/dogs-for-sale/springer-spaniels-for-sale/springer-spaniels-at-stud/30175,2026-01-24T17:13:34.716794,
30165,,ğŸ¶ Buyerâ€™s Checklist for Gun Dogs,Cocker Spaniels,200,,,,,,,,,,,,False,True,False,False,False,False,False,True,False,False,False,gundogs_direct,https://gundogsdirect.co.uk/dogs-for-sale/cocker-spaniels-for-sale/cocker-spaniel-at-stud/30165,2026-01-24T17:13:37.327654,
30160,,ğŸ¶ Buyerâ€™s Checklist for Gun Dogs,Labradors,400,,,,,,,,,,,,False,True,False,False,False,False,False,True,False,False,False,gundogs_direct,https://gundogsdirect.co.uk/dogs-for-sale/labradors-for-sale/labradors-at-stud/30160,2026-01-24T17:13:40.305200,
30141,,ğŸ¶ Buyerâ€™s Checklist for Gun Dogs,Labradors,400,,,,,,,,,,,,False,True,False,False,False,False,False,True,False,False,False,gundogs_direct,https://gundogsdirect.co.uk/dogs-for-sale/labradors-for-sale/labradors-at-stud/30141,2026-01-24T17:13:43.263451,
30120,,ğŸ¶ Buyerâ€™s Checklist for Gun Dogs,Labradors,500,,,,,,,,,,,,False,True,False,False,False,False,False,True,False,False,False,gundogs_direct,https://gundogsdirect.co.uk/dogs-for-sale/labradors-for-sale/labradors-at-stud/30120,2026-01-24T17:13:45.884118,
30084,,ğŸ¶ Buyerâ€™s Checklist for Gun Dogs,Labradors,300,,,,,,,,,,,,False,True,False,False,False,False,False,True,False,True,False,gundogs_direct,https://gundogsdirect.co.uk/dogs-for-sale/labradors-for-sale/labradors-at-stud/30084,2026-01-24T17:13:48.597310,
30039,,ğŸ¶ Buyerâ€™s Checklist for Gun Dogs,Cocker Spaniels,350,,,,,,,,,,,,False,True,False,False,False,False,False,True,False,False,False,gundogs_direct,https://gundogsdirect.co.uk/dogs-for-sale/cocker-spaniels-for-sale/cocker-spaniel-at-stud/30039,2026-01-24T17:13:51.283250,
30015,,ğŸ¶ Buyerâ€™s Checklist for Gun Dogs,Labradors,500,,,,,,,,,,,,False,True,False,False,False,False,False,True,False,True,False,gundogs_direct,https://gundogsdirect.co.uk/dogs-for-sale/labradors-for-sale/labradors-at-stud/30015,2026-01-24T17:13:54.142384,
30012,,ğŸ¶ Buyerâ€™s Checklist for Gun Dogs,Springer Spaniels,400,,,,,,,,,,,,False,True,False,False,False,False,False,True,False,True,False,gundogs_direct,https://gundogsdirect.co.uk/dogs-for-sale/springer-spaniels-for-sale/springer-spaniels-at-stud/30012,2026-01-24T17:13:56.683181,
30005,,ğŸ¶ Buyerâ€™s Checklist for Gun Dogs,Cocker Spaniels,500,,,,,,,,,,,,False,False,False,False,False,False,False,True,False,False,False,gundogs_direct,https://gundogsdirect.co.uk/dogs-for-sale/cocker-spaniels-for-sale/cocker-spaniel-at-stud/30005,2026-01-24T17:13:59.524737,
29965,,ğŸ¶ Buyerâ€™s Checklist for Gun Dogs,Cocker Spaniels,350,,,,,,,,,,,,False,True,False,False,False,False,False,True,False,True,False,gundogs_direct,https://gundogsdirect.co.uk/dogs-for-sale/cocker-spaniels-for-sale/cocker-spaniel-at-stud/29965,2026-01-24T17:14:02.170851,
29942,,ğŸ¶ Buyerâ€™s Checklist for Gun Dogs,,350,,,,,,,,,,,,False,True,False,False,False,False,False,True,False,True,False,gundogs_direct,https://gundogsdirect.co.uk/dogs-for-sale/golden-retriever/golden-retriever-stud/29942,2026-01-24T17:14:04.900419,
29857,,ğŸ¶ Buyerâ€™s Checklist for Gun Dogs,Labradors,0,,,,,,,,,,,,False,True,False,False,False,False,False,True,False,False,False,gundogs_direct,https://gundogsdirect.co.uk/dogs-for-sale/labradors-for-sale/labradors-at-stud/29857,2026-01-24T17:14:07.743687,
29855,,ğŸ¶ Buyerâ€™s Checklist for Gun Dogs,Labradors,500,,,,,,,,,,,,False,True,False,False,False,False,False,True,False,False,False,gundogs_direct,https://gundogsdirect.co.uk/dogs-for-sale/labradors-for-sale/labradors-at-stud/29855,2026-01-24T17:14:10.443303,
29830,,ğŸ¶ Buyerâ€™s Checklist for Gun Dogs,Springer Spaniels,400,,,,,,,,,,,,False,True,False,False,False,False,False,True,False,False,False,gundogs_direct,https://gundogsdirect.co.uk/dogs-for-sale/springer-spaniels-for-sale/springer-spaniels-at-stud/29830,2026-01-24T17:14:12.977900,
29823,,ğŸ¶ Buyerâ€™s Checklist for Gun Dogs,Labradors,350,,,,,,,,,,,,False,True,False,False,False,False,False,True,False,True,False,gundogs_direct,https://gundogsdirect.co.uk/dogs-for-sale/labradors-for-sale/labradors-at-stud/29823,2026-01-24T17:14:15.496656,
29784,,ğŸ¶ Buyerâ€™s Checklist for Gun Dogs,Cocker Spaniels,350,,,,,,,,,,,,False,True,False,False,False,False,False,True,False,False,False,gundogs_direct,https://gundogsdirect.co.uk/dogs-for-sale/cocker-spaniels-for-sale/cocker-spaniel-at-stud/29784,2026-01-24T17:14:18.356054,
29733,,ğŸ¶ Buyerâ€™s Checklist for Gun Dogs,Cocker Spaniels,200,,,,,,,,,,,,False,False,False,False,False,False,False,True,False,False,False,gundogs_direct,https://gundogsdirect.co.uk/dogs-for-sale/cocker-spaniels-for-sale/cocker-spaniel-at-stud/29733,2026-01-24T17:14:21.099454,
29729,,ğŸ¶ Buyerâ€™s Checklist for Gun Dogs,Cocker Spaniels,400,,,,,,,,,,,,False,True,False,False,False,False,False,True,False,False,False,gundogs_direct,https://gundogsdirect.co.uk/dogs-for-sale/cocker-spaniels-for-sale/cocker-spaniel-at-stud/29729,2026-01-24T17:14:23.597986,
29713,,ğŸ¶ Buyerâ€™s Checklist for Gun Dogs,,600,,,,,,,,,,,,False,True,False,False,False,False,False,True,False,False,False,gundogs_direct,https://gundogsdirect.co.uk/dogs-for-sale/hungarian-wirehired-visla/hungarian-wirehired-visla-stud/29713,2026-01-24T17:14:26.252100,
29688,,ğŸ¶ Buyerâ€™s Checklist for Gun Dogs,Labradors,1550,,,,,,,,,,,,False,False,False,False,False,False,False,True,False,False,False,gundogs_direct,https://gundogsdirect.co.uk/dogs-for-sale/labradors-for-sale/labradors-at-stud/29688,2026-01-24T17:14:29.007790,
29645,,ğŸ¶ Buyerâ€™s Checklist for Gun Dogs,Cocker Spaniels,300,,,,,,,,,,,,False,True,False,False,False,False,False,True,False,True,False,gundogs_direct,https://gundogsdirect.co.uk/dogs-for-sale/cocker-spaniels-for-sale/cocker-spaniel-at-stud/29645,2026-01-24T17:14:31.667296,
29625,,ğŸ¶ Buyerâ€™s Checklist for Gun Dogs,Cocker Spaniels,350,,,,,,,,,,,,False,True,False,False,False,False,False,True,False,True,False,gundogs_direct,https://gundogsdirect.co.uk/dogs-for-sale/cocker-spaniels-for-sale/cocker-spaniel-at-stud/29625,2026-01-24T17:14:34.440764,
29620,,ğŸ¶ Buyerâ€™s Checklist for Gun Dogs,Labradors,500,,,,,,,,,,,,False,True,False,False,False,False,False,True,False,False,False,gundogs_direct,https://gundogsdirect.co.uk/dogs-for-sale/labradors-for-sale/labradors-at-stud/29620,2026-01-24T17:14:37.203721,
29564,,ğŸ¶ Buyerâ€™s Checklist for Gun Dogs,Labradors,350,,,,,,,,,,,,False,True,False,False,False,False,False,True,False,False,False,gundogs_direct,https://gundogsdirect.co.uk/dogs-for-sale/labradors-for-sale/labradors-at-stud/29564,2026-01-24T17:14:39.841230,
29547,,ğŸ¶ Buyerâ€™s Checklist for Gun Dogs,Cocker Spaniels,400,,,,,,,,,,,,False,True,False,False,False,False,False,False,False,False,False,gundogs_direct,https://gundogsdirect.co.uk/dogs-for-sale/cocker-spaniels-for-sale/cocker-spaniel-at-stud/29547,2026-01-24T17:14:42.419145,
29540,,ğŸ¶ Buyerâ€™s Checklist for Gun Dogs,Cocker Spaniels,350,,,,,,,,,,,,False,True,False,False,False,False,False,True,False,True,False,gundogs_direct,https://gundogsdirect.co.uk/dogs-for-sale/cocker-spaniels-for-sale/cocker-spaniel-at-stud/29540,2026-01-24T17:14:45.100430,
29437,,ğŸ¶ Buyerâ€™s Checklist for Gun Dogs,Cocker Spaniels,250,,,,,,,,,,,,False,True,False,False,False,False,False,True,False,False,False,gundogs_direct,https://gundogsdirect.co.uk/dogs-for-sale/cocker-spaniels-for-sale/cocker-spaniel-at-stud/29437,2026-01-24T17:14:47.959514,
29376,,ğŸ¶ Buyerâ€™s Checklist for Gun Dogs,,1000,,,,,,,,,,,,False,True,False,False,False,False,False,True,False,False,False,gundogs_direct,https://gundogsdirect.co.uk/dogs-for-sale/hungarian-wirehired-visla/hungarian-wirehired-visla-stud/29376,2026-01-24T17:14:50.527053,
29360,,ğŸ¶ Buyerâ€™s Checklist for Gun Dogs,Labradors,500,,,,,,,,,,,,False,True,False,False,False,False,False,True,False,True,False,gundogs_direct,https://gundogsdirect.co.uk/dogs-for-sale/labradors-for-sale/labradors-at-stud/29360,2026-01-24T17:14:53.222153,
29280,,ğŸ¶ Buyerâ€™s Checklist for Gun Dogs,,500,,,,,,,,,,,,False,True,False,False,False,False,False,False,False,False,False,gundogs_direct,https://gundogsdirect.co.uk/dogs-for-sale/gwp/gwp-stud/29280,2026-01-24T17:14:55.870963,
29279,,ğŸ¶ Buyerâ€™s Checklist for Gun Dogs,Cocker Spaniels,350,,,,,,,,,,,,False,True,False,False,False,False,False,True,False,False,False,gundogs_direct,https://gundogsdirect.co.uk/dogs-for-sale/cocker-spaniels-for-sale/cocker-spaniel-at-stud/29279,2026-01-24T17:14:58.570735,
29262,,ğŸ¶ Buyerâ€™s Checklist for Gun Dogs,,400,,,,,,,,,,,,False,False,False,False,False,False,False,True,False,False,False,gundogs_direct,https://gundogsdirect.co.uk/dogs-for-sale/teckel/teckel-stud/29262,2026-01-24T17:15:01.331648,
29245,,ğŸ¶ Buyerâ€™s Checklist for Gun Dogs,Cocker Spaniels,300,,,,,,,,,,,,False,True,False,False,False,False,False,True,False,True,True,gundogs_direct,https://gundogsdirect.co.uk/dogs-for-sale/cocker-spaniels-for-sale/cocker-spaniel-at-stud/29245,2026-01-24T17:15:03.922017,
29244,,ğŸ¶ Buyerâ€™s Checklist for Gun Dogs,Springer Spaniels,400,,,,,,,,,,,,False,True,False,False,False,False,False,True,False,False,False,gundogs_direct,https://gundogsdirect.co.uk/dogs-for-sale/springer-spaniels-for-sale/springer-spaniels-at-stud/29244,2026-01-24T17:15:06.579634,
29206,,ğŸ¶ Buyerâ€™s Checklist for Gun Dogs,Labradors,400,,,,,,,,,,,,False,True,False,False,False,False,False,True,False,False,False,gundogs_direct,https://gundogsdirect.co.uk/dogs-for-sale/labradors-for-sale/labradors-at-stud/29206,2026-01-24T17:15:09.158901,
29195,,ğŸ¶ Buyerâ€™s Checklist for Gun Dogs,Cocker Spaniels,500,,,,,,,,,,,,False,True,False,False,False,False,False,True,False,False,False,gundogs_direct,https://gundogsdirect.co.uk/dogs-for-sale/cocker-spaniels-for-sale/cocker-spaniel-at-stud/29195,2026-01-24T17:15:11.638320,
29193,,ğŸ¶ Buyerâ€™s Checklist for Gun Dogs,Springer Spaniels,200,,,,,,,,,,,,False,True,False,False,False,False,False,True,False,True,True,gundogs_direct,https://gundogsdirect.co.uk/dogs-for-sale/springer-spaniels-for-sale/springer-spaniels-at-stud/29193,2026-01-24T17:15:14.120096,
29170,,ğŸ¶ Buyerâ€™s Checklist for Gun Dogs,Labradors,350,,,,,,,,,,,,False,True,False,False,False,False,False,True,False,False,False,gundogs_direct,https://gundogsdirect.co.uk/dogs-for-sale/labradors-for-sale/labradors-at-stud/29170,2026-01-24T17:15:16.733182,
29124,,ğŸ¶ Buyerâ€™s Checklist for Gun Dogs,Springer Spaniels,280,,,,,,,,,,,,False,True,False,False,False,False,False,True,False,False,False,gundogs_direct,https://gundogsdirect.co.uk/dogs-for-sale/springer-spaniels-for-sale/springer-spaniels-at-stud/29124,2026-01-24T17:15:19.524724,
29109,,ğŸ¶ Buyerâ€™s Checklist for Gun Dogs,Cocker Spaniels,300,,,,,,,,,,,,False,True,False,False,False,False,False,True,False,False,False,gundogs_direct,https://gundogsdirect.co.uk/dogs-for-sale/cocker-spaniels-for-sale/cocker-spaniel-at-stud/29109,2026-01-24T17:15:22.242685,
29080,,ğŸ¶ Buyerâ€™s Checklist for Gun Dogs,Cocker Spaniels,400,,,,,,,,,,,,False,False,False,False,False,False,False,False,False,False,False,gundogs_direct,https://gundogsdirect.co.uk/dogs-for-sale/cocker-spaniels-for-sale/cocker-spaniel-at-stud/29080,2026-01-24T17:15:24.726109,
29077,,ğŸ¶ Buyerâ€™s Checklist for Gun Dogs,Labradors,450,,,,,,,,,,,,False,False,False,False,False,False,False,True,False,False,False,gundogs_direct,https://gundogsdirect.co.uk/dogs-for-sale/labradors-for-sale/labradors-at-stud/29077,2026-01-24T17:15:27.223014,
29053,,ğŸ¶ Buyerâ€™s Checklist for Gun Dogs,,600,,,,,,,,,,,,False,False,False,False,False,False,False,False,False,False,False,gundogs_direct,https://gundogsdirect.co.uk/dogs-for-sale/flat-coated-retriever/flat-coated-retriever-stud/29053,2026-01-24T17:15:29.709909,
29028,,ğŸ¶ Buyerâ€™s Checklist for Gun Dogs,Springer Spaniels,300,,,,,,,,,,,,False,True,False,False,False,False,False,True,False,False,False,gundogs_direct,https://gundogsdirect.co.uk/dogs-for-sale/springer-spaniels-for-sale/springer-spaniels-at-stud/29028,2026-01-24T17:15:32.152032,
28997,,ğŸ¶ Buyerâ€™s Checklist for Gun Dogs,Labradors,400,,,,,,,,,,,,False,True,False,False,False,False,False,True,False,False,False,gundogs_direct,https://gundogsdirect.co.uk/dogs-for-sale/labradors-for-sale/labradors-at-stud/28997,2026-01-24T17:15:34.784425,
28961,,ğŸ¶ Buyerâ€™s Checklist for Gun Dogs,Labradors,600,,,,,,,,,,,,False,True,False,False,False,False,False,True,False,False,False,gundogs_direct,https://gundogsdirect.co.uk/dogs-for-sale/labradors-for-sale/labradors-at-stud/28961,2026-01-24T17:15:37.202073,
28929,,ğŸ¶ Buyerâ€™s Checklist for Gun Dogs,Cocker Spaniels,500,,,,,,,,,,,,False,True,False,False,False,False,False,True,False,False,False,gundogs_direct,https://gundogsdirect.co.uk/dogs-for-sale/cocker-spaniels-for-sale/cocker-spaniel-at-stud/28929,2026-01-24T17:15:39.655639,
28912,,ğŸ¶ Buyerâ€™s Checklist for Gun Dogs,Cocker Spaniels,450,,,,,,,,,,,,False,False,False,False,False,False,False,False,False,False,False,gundogs_direct,https://gundogsdirect.co.uk/dogs-for-sale/cocker-spaniels-for-sale/cocker-spaniel-at-stud/28912,2026-01-24T17:15:42.074401,
28848,,ğŸ¶ Buyerâ€™s Checklist for Gun Dogs,Springer Spaniels,1000,,,,,,,,,,,,False,True,False,False,False,False,False,True,False,False,False,gundogs_direct,https://gundogsdirect.co.uk/dogs-for-sale/springer-spaniels-for-sale/springer-spaniels-at-stud/28848,2026-01-24T17:15:44.781554,
28847,,ğŸ¶ Buyerâ€™s Checklist for Gun Dogs,,750,,,,,,,,,,,,False,True,False,False,False,False,False,True,False,False,False,gundogs_direct,https://gundogsdirect.co.uk/dogs-for-sale/golden-retriever/golden-retriever-stud/28847,2026-01-24T17:15:47.390057,
28810,,ğŸ¶ Buyerâ€™s Checklist for Gun Dogs,Springer Spaniels,400,,,,,,,,,,,,False,False,False,False,False,False,False,True,False,True,False,gundogs_direct,https://gundogsdirect.co.uk/dogs-for-sale/springer-spaniels-for-sale/springer-spaniels-at-stud/28810,2026-01-24T17:15:49.895509,
28798,,ğŸ¶ Buyerâ€™s Checklist for Gun Dogs,Labradors,400,,,,,,,,,,,,False,True,False,False,False,False,False,True,False,False,False,gundogs_direct,https://gundogsdirect.co.uk/dogs-for-sale/labradors-for-sale/labradors-at-stud/28798,2026-01-24T17:15:52.516495,
28786,,ğŸ¶ Buyerâ€™s Checklist for Gun Dogs,Springer Spaniels,400,,,,,,,,,,,,False,False,False,False,False,False,False,True,False,True,False,gundogs_direct,https://gundogsdirect.co.uk/dogs-for-sale/springer-spaniels-for-sale/springer-spaniels-at-stud/28786,2026-01-24T17:15:54.993107,
28785,,ğŸ¶ Buyerâ€™s Checklist for Gun Dogs,Cocker Spaniels,400,,,,,,,,,,,,False,False,False,False,False,False,False,True,False,True,False,gundogs_direct,https://gundogsdirect.co.uk/dogs-for-sale/cocker-spaniels-for-sale/cocker-spaniel-at-stud/28785,2026-01-24T17:15:57.956923,
28778,,ğŸ¶ Buyerâ€™s Checklist for Gun Dogs,Labradors,500,,,,,,,,,,,,False,True,False,False,False,False,False,True,False,False,False,gundogs_direct,https://gundogsdirect.co.uk/dogs-for-sale/labradors-for-sale/labradors-at-stud/28778,2026-01-24T17:16:00.388700,
28775,,ğŸ¶ Buyerâ€™s Checklist for Gun Dogs,Labradors,500,,,,,,,,,,,,False,True,False,False,False,False,False,True,False,False,False,gundogs_direct,https://gundogsdirect.co.uk/dogs-for-sale/labradors-for-sale/labradors-at-stud/28775,2026-01-24T17:16:03.041060,
28764,,ğŸ¶ Buyerâ€™s Checklist for Gun Dogs,Labradors,700,,,,,,,,,,,,False,True,False,False,False,False,False,True,False,False,False,gundogs_direct,https://gundogsdirect.co.uk/dogs-for-sale/labradors-for-sale/labradors-at-stud/28764,2026-01-24T17:16:05.500199,
28760,,ğŸ¶ Buyerâ€™s Checklist for Gun Dogs,Springer Spaniels,350,,,,,,,,,,,,False,True,False,False,False,False,False,True,False,False,False,gundogs_direct,https://gundogsdirect.co.uk/dogs-for-sale/springer-spaniels-for-sale/springer-spaniels-at-stud/28760,2026-01-24T17:16:08.723429,
28752,,ğŸ¶ Buyerâ€™s Checklist for Gun Dogs,Springer Spaniels,350,,,,,,,,,,,,False,True,False,False,False,False,False,True,False,True,True,gundogs_direct,https://gundogsdirect.co.uk/dogs-for-sale/springer-spaniels-for-sale/springer-spaniels-at-stud/28752,2026-01-24T17:16:11.158612,
28744,,ğŸ¶ Buyerâ€™s Checklist for Gun Dogs,,950,,,,,,,,,,,,False,True,False,False,False,False,False,True,False,False,False,gundogs_direct,https://gundogsdirect.co.uk/dogs-for-sale/hungarian-wirehired-visla/hungarian-wirehired-visla-stud/28744,2026-01-24T17:16:13.584140,
28742,,ğŸ¶ Buyerâ€™s Checklist for Gun Dogs,Labradors,450,,,,,,,,,,,,False,True,False,False,False,False,False,True,False,False,False,gundogs_direct,https://gundogsdirect.co.uk/dogs-for-sale/labradors-for-sale/labradors-at-stud/28742,2026-01-24T17:16:16.044356,
28707,,ğŸ¶ Buyerâ€™s Checklist for Gun Dogs,Labradors,500,,,,,,,,,,,,False,False,False,False,False,False,False,False,False,False,False,gundogs_direct,https://gundogsdirect.co.uk/dogs-for-sale/labradors-for-sale/labradors-at-stud/28707,2026-01-24T17:16:18.467853,
28677,,ğŸ¶ Buyerâ€™s Checklist for Gun Dogs,Cocker Spaniels,1,,,,,,,,,,,,False,True,False,False,False,False,False,True,False,False,False,gundogs_direct,https://gundogsdirect.co.uk/dogs-for-sale/cocker-spaniels-for-sale/cocker-spaniel-at-stud/28677,2026-01-24T17:16:20.973456,
28666,,ğŸ¶ Buyerâ€™s Checklist for Gun Dogs,Labradors,400,,,,,,,,,,,,False,True,False,False,False,False,False,False,False,False,False,gundogs_direct,https://gundogsdirect.co.uk/dogs-for-sale/labradors-for-sale/labradors-at-stud/28666,2026-01-24T17:16:23.420313,
28659,,ğŸ¶ Buyerâ€™s Checklist for Gun Dogs,Cocker Spaniels,600,,,,,,,,,,,,False,False,False,False,False,False,False,False,False,False,False,gundogs_direct,https://gundogsdirect.co.uk/dogs-for-sale/cocker-spaniels-for-sale/cocker-spaniel-at-stud/28659,2026-01-24T17:16:25.938289,
28658,,ğŸ¶ Buyerâ€™s Checklist for Gun Dogs,Cocker Spaniels,300,,,,,,,,,,,,False,True,False,False,False,False,False,True,False,False,False,gundogs_direct,https://gundogsdirect.co.uk/dogs-for-sale/cocker-spaniels-for-sale/cocker-spaniel-at-stud/28658,2026-01-24T17:16:28.641973,
28641,,ğŸ¶ Buyerâ€™s Checklist for Gun Dogs,Labradors,400,,,,,,,,,,,,False,False,False,False,False,False,False,False,False,False,False,gundogs_direct,https://gundogsdirect.co.uk/dogs-for-sale/labradors-for-sale/labradors-at-stud/28641,2026-01-24T17:16:31.076459,
28623,,ğŸ¶ Buyerâ€™s Checklist for Gun Dogs,Springer Spaniels,400,,,,,,,,,,,,False,False,False,False,False,False,False,False,False,False,False,gundogs_direct,https://gundogsdirect.co.uk/dogs-for-sale/springer-spaniels-for-sale/springer-spaniels-at-stud/28623,2026-01-24T17:16:33.557430,
28621,,ğŸ¶ Buyerâ€™s Checklist for Gun Dogs,Springer Spaniels,350,,,,,,,,,,,,False,False,False,False,False,False,False,False,False,False,False,gundogs_direct,https://gundogsdirect.co.uk/dogs-for-sale/springer-spaniels-for-sale/springer-spaniels-at-stud/28621,2026-01-24T17:16:36.108789,
28617,,ğŸ¶ Buyerâ€™s Checklist for Gun Dogs,Springer Spaniels,500,,,,,,,,,,,,False,True,False,False,False,False,False,True,False,True,False,gundogs_direct,https://gundogsdirect.co.uk/dogs-for-sale/springer-spaniels-for-sale/springer-spaniels-at-stud/28617,2026-01-24T17:16:38.535747,
28614,,ğŸ¶ Buyerâ€™s Checklist for Gun Dogs,Labradors,350,,,,,,,,,,,,False,True,False,False,False,False,False,True,False,False,False,gundogs_direct,https://gundogsdirect.co.uk/dogs-for-sale/labradors-for-sale/labradors-at-stud/28614,2026-01-24T17:16:41.504413,
28599,,ğŸ¶ Buyerâ€™s Checklist for Gun Dogs,Springer Spaniels,250,,,,,,,,,,,,False,True,False,False,False,False,False,True,False,False,False,gundogs_direct,https://gundogsdirect.co.uk/dogs-for-sale/springer-spaniels-for-sale/springer-spaniels-at-stud/28599,2026-01-24T17:16:43.922642,
28578,,ğŸ¶ Buyerâ€™s Checklist for Gun Dogs,Cocker Spaniels,350,,,,,,,,,,,,False,True,False,False,False,False,False,True,False,False,False,gundogs_direct,https://gundogsdirect.co.uk/dogs-for-sale/cocker-spaniels-for-sale/cocker-spaniel-at-stud/28578,2026-01-24T17:16:46.343307,
28577,,ğŸ¶ Buyerâ€™s Checklist for Gun Dogs,Cocker Spaniels,250,,,,,,,,,,,,False,True,False,False,False,False,False,True,False,False,False,gundogs_direct,https://gundogsdirect.co.uk/dogs-for-sale/cocker-spaniels-for-sale/cocker-spaniel-at-stud/28577,2026-01-24T17:16:48.782297,
28574,,ğŸ¶ Buyerâ€™s Checklist for Gun Dogs,Labradors,400,,,,,,,,,,,,False,False,False,False,False,False,False,False,False,False,False,gundogs_direct,https://gundogsdirect.co.uk/dogs-for-sale/labradors-for-sale/labradors-at-stud/28574,2026-01-24T17:16:51.255589,
28573,,ğŸ¶ Buyerâ€™s Checklist for Gun Dogs,Labradors,1000,,,,,,,,,,,,False,False,False,False,False,False,False,False,False,False,False,gundogs_direct,https://gundogsdirect.co.uk/dogs-for-sale/labradors-for-sale/labradors-at-stud/28573,2026-01-24T17:16:53.673126,
28564,,ğŸ¶ Buyerâ€™s Checklist for Gun Dogs,,750,,,,,,,,,,,,False,False,False,False,False,False,False,False,False,False,False,gundogs_direct,https://gundogsdirect.co.uk/dogs-for-sale/golden-retriever/golden-retriever-stud/28564,2026-01-24T17:16:56.149193,
28562,,ğŸ¶ Buyerâ€™s Checklist for Gun Dogs,Cocker Spaniels,0,,,,,,,,,,,,False,True,False,False,False,False,False,True,False,False,False,gundogs_direct,https://gundogsdirect.co.uk/dogs-for-sale/cocker-spaniels-for-sale/cocker-spaniel-at-stud/28562,2026-01-24T17:16:58.719706,
28557,,ğŸ¶ Buyerâ€™s Checklist for Gun Dogs,Labradors,500,,,,,,,,,,,,False,True,False,False,False,False,False,True,False,False,False,gundogs_direct,https://gundogsdirect.co.uk/dogs-for-sale/labradors-for-sale/labradors-at-stud/28557,2026-01-24T17:17:01.173961,
28548,,ğŸ¶ Buyerâ€™s Checklist for Gun Dogs,Cocker Spaniels,500,,,,,,,,,,,,False,True,False,False,False,False,False,False,False,True,False,gundogs_direct,https://gundogsdirect.co.uk/dogs-for-sale/cocker-spaniels-for-sale/cocker-spaniel-at-stud/28548,2026-01-24T17:17:03.617655,
28525,,ğŸ¶ Buyerâ€™s Checklist for Gun Dogs,Springer Spaniels,350,,,,,,,,,,,,False,True,False,False,False,False,False,True,False,False,False,gundogs_direct,https://gundogsdirect.co.uk/dogs-for-sale/springer-spaniels-for-sale/springer-spaniels-at-stud/28525,2026-01-24T17:17:06.140338,
28519,,ğŸ¶ Buyerâ€™s Checklist for Gun Dogs,Springer Spaniels,400,,,,,,,,,,,,False,True,False,False,False,False,False,False,False,False,False,gundogs_direct,https://gundogsdirect.co.uk/dogs-for-sale/springer-spaniels-for-sale/springer-spaniels-at-stud/28519,2026-01-24T17:17:08.807231,
28516,,ğŸ¶ Buyerâ€™s Checklist for Gun Dogs,Labradors,350,,,,,,,,,,,,False,True,False,False,False,False,False,True,False,False,False,gundogs_direct,https://gundogsdirect.co.uk/dogs-for-sale/labradors-for-sale/labradors-at-stud/28516,2026-01-24T17:17:11.341706,
28514,,ğŸ¶ Buyerâ€™s Checklist for Gun Dogs,Cocker Spaniels,300,,,,,,,,,,,,False,True,False,False,False,False,False,True,False,False,True,gundogs_direct,https://gundogsdirect.co.uk/dogs-for-sale/cocker-spaniels-for-sale/cocker-spaniel-at-stud/28514,2026-01-24T17:17:13.751970,
28486,,ğŸ¶ Buyerâ€™s Checklist for Gun Dogs,,500,,,,,,,,,,,,False,True,False,False,False,False,False,True,False,False,False,gundogs_direct,https://gundogsdirect.co.uk/dogs-for-sale/gwp/gwp-stud/28486,2026-01-24T17:17:16.261984,
28482,,ğŸ¶ Buyerâ€™s Checklist for Gun Dogs,Cocker Spaniels,350,,,,,,,,,,,,False,True,False,False,False,False,False,False,False,True,True,gundogs_direct,https://gundogsdirect.co.uk/dogs-for-sale/cocker-spaniels-for-sale/cocker-spaniel-at-stud/28482,2026-01-24T17:17:18.887785,
28426,,ğŸ¶ Buyerâ€™s Checklist for Gun Dogs,Cocker Spaniels,400,,,,,,,,,,,,False,True,False,False,False,False,False,True,False,False,False,gundogs_direct,https://gundogsdirect.co.uk/dogs-for-sale/cocker-spaniels-for-sale/cocker-spaniel-at-stud/28426,2026-01-24T17:17:21.547056,
28425,,ğŸ¶ Buyerâ€™s Checklist for Gun Dogs,Springer Spaniels,350,,,,,,,,,,,,False,True,False,False,False,False,False,True,False,False,False,gundogs_direct,https://gundogsdirect.co.uk/dogs-for-sale/springer-spaniels-for-sale/springer-spaniels-at-stud/28425,2026-01-24T17:17:23.984610,
28416,,ğŸ¶ Buyerâ€™s Checklist for Gun Dogs,,1000,,,,,,,,,,,,False,True,False,False,False,False,False,True,False,False,True,gundogs_direct,https://gundogsdirect.co.uk/dogs-for-sale/golden-retriever/golden-retriever-stud/28416,2026-01-24T17:17:26.424638,
28396,,ğŸ¶ Buyerâ€™s Checklist for Gun Dogs,Springer Spaniels,350,,,,,,,,,,,,False,False,False,False,False,False,False,False,False,False,False,gundogs_direct,https://gundogsdirect.co.uk/dogs-for-sale/springer-spaniels-for-sale/springer-spaniels-at-stud/28396,2026-01-24T17:17:29.008657,
28378,,ğŸ¶ Buyerâ€™s Checklist for Gun Dogs,Labradors,400,,,,,,,,,,,,False,False,False,False,False,False,False,False,False,False,False,gundogs_direct,https://gundogsdirect.co.uk/dogs-for-sale/labradors-for-sale/labradors-at-stud/28378,2026-01-24T17:17:31.686245,
28368,,ğŸ¶ Buyerâ€™s Checklist for Gun Dogs,Labradors,400,,,,,,,,,,,,False,True,False,False,False,False,False,True,False,True,True,gundogs_direct,https://gundogsdirect.co.uk/dogs-for-sale/labradors-for-sale/labradors-at-stud/28368,2026-01-24T17:17:34.136290,
28359,,ğŸ¶ Buyerâ€™s Checklist for Gun Dogs,Cocker Spaniels,300,,,,,,,,,,,,False,True,False,False,False,False,False,True,False,True,True,gundogs_direct,https://gundogsdirect.co.uk/dogs-for-sale/cocker-spaniels-for-sale/cocker-spaniel-at-stud/28359,2026-01-24T17:17:36.776022,
28355,,ğŸ¶ Buyerâ€™s Checklist for Gun Dogs,Cocker Spaniels,350,,,,,,,,,,,,False,False,False,False,False,False,False,False,False,False,False,gundogs_direct,https://gundogsdirect.co.uk/dogs-for-sale/cocker-spaniels-for-sale/cocker-spaniel-at-stud/28355,2026-01-24T17:17:39.381851,
28344,,ğŸ¶ Buyerâ€™s Checklist for Gun Dogs,Cocker Spaniels,350,,,,,,,,,,,,False,True,False,False,False,False,False,True,False,True,False,gundogs_direct,https://gundogsdirect.co.uk/dogs-for-sale/cocker-spaniels-for-sale/cocker-spaniel-at-stud/28344,2026-01-24T17:17:41.860700,
28340,,ğŸ¶ Buyerâ€™s Checklist for Gun Dogs,Springer Spaniels,350,,,,,,,,,,,,False,False,False,False,False,False,False,False,False,False,False,gundogs_direct,https://gundogsdirect.co.uk/dogs-for-sale/springer-spaniels-for-sale/springer-spaniels-at-stud/28340,2026-01-24T17:17:44.327660,
28332,,ğŸ¶ Buyerâ€™s Checklist for Gun Dogs,Springer Spaniels,600,,,,,,,,,,,,False,False,False,False,False,False,False,False,False,False,False,gundogs_direct,https://gundogsdirect.co.uk/dogs-for-sale/springer-spaniels-for-sale/springer-spaniels-at-stud/28332,2026-01-24T17:17:47.107950,
28320,,ğŸ¶ Buyerâ€™s Checklist for Gun Dogs,Labradors,100,,,,,,,,,,,,False,True,False,False,False,False,False,False,False,False,False,gundogs_direct,https://gundogsdirect.co.uk/dogs-for-sale/labradors-for-sale/labradors-at-stud/28320,2026-01-24T17:17:49.587654,
28310,,ğŸ¶ Buyerâ€™s Checklist for Gun Dogs,Springer Spaniels,250,,,,,,,,,,,,False,False,False,False,False,False,False,False,False,False,False,gundogs_direct,https://gundogsdirect.co.uk/dogs-for-sale/springer-spaniels-for-sale/springer-spaniels-at-stud/28310,2026-01-24T17:17:52.280754,
28303,,ğŸ¶ Buyerâ€™s Checklist for Gun Dogs,Cocker Spaniels,350,,,,,,,,,,,,False,True,False,False,False,False,False,True,False,True,False,gundogs_direct,https://gundogsdirect.co.uk/dogs-for-sale/cocker-spaniels-for-sale/cocker-spaniel-at-stud/28303,2026-01-24T17:17:54.730967,
28297,,ğŸ¶ Buyerâ€™s Checklist for Gun Dogs,Cocker Spaniels,550,,,,,,,,,,,,False,False,False,False,False,False,False,True,False,True,True,gundogs_direct,https://gundogsdirect.co.uk/dogs-for-sale/cocker-spaniels-for-sale/cocker-spaniel-at-stud/28297,2026-01-24T17:17:57.209739,
28273,,ğŸ¶ Buyerâ€™s Checklist for Gun Dogs,Cocker Spaniels,600,,,,,,,,,,,,False,True,False,False,False,False,False,True,False,True,True,gundogs_direct,https://gundogsdirect.co.uk/dogs-for-sale/cocker-spaniels-for-sale/cocker-spaniel-at-stud/28273,2026-01-24T17:17:59.674746,
28272,,ğŸ¶ Buyerâ€™s Checklist for Gun Dogs,Cocker Spaniels,600,,,,,,,,,,,,False,True,False,False,False,False,False,True,False,True,True,gundogs_direct,https://gundogsdirect.co.uk/dogs-for-sale/cocker-spaniels-for-sale/cocker-spaniel-at-stud/28272,2026-01-24T17:18:02.082999,
28271,,ğŸ¶ Buyerâ€™s Checklist for Gun Dogs,Springer Spaniels,600,,,,,,,,,,,,False,True,False,False,False,False,False,True,False,True,True,gundogs_direct,https://gundogsdirect.co.uk/dogs-for-sale/springer-spaniels-for-sale/springer-spaniels-at-stud/28271,2026-01-24T17:18:04.490011,
28269,,ğŸ¶ Buyerâ€™s Checklist for Gun Dogs,Cocker Spaniels,450,,,,,,,,,,,,False,False,False,False,False,False,False,True,False,True,True,gundogs_direct,https://gundogsdirect.co.uk/dogs-for-sale/cocker-spaniels-for-sale/cocker-spaniel-at-stud/28269,2026-01-24T17:18:06.913996,
28265,,ğŸ¶ Buyerâ€™s Checklist for Gun Dogs,Labradors,850,,,,,,,,,,,,False,True,False,False,False,False,False,False,False,False,False,gundogs_direct,https://gundogsdirect.co.uk/dogs-for-sale/labradors-for-sale/labradors-at-stud/28265,2026-01-24T17:18:09.351780,
28259,,ğŸ¶ Buyerâ€™s Checklist for Gun Dogs,Labradors,600,,,,,,,,,,,,False,True,False,False,False,False,False,True,False,True,True,gundogs_direct,https://gundogsdirect.co.uk/dogs-for-sale/labradors-for-sale/labradors-at-stud/28259,2026-01-24T17:18:11.818096,
28257,,ğŸ¶ Buyerâ€™s Checklist for Gun Dogs,Labradors,600,,,,,,,,,,,,False,True,False,False,False,False,False,True,False,True,True,gundogs_direct,https://gundogsdirect.co.uk/dogs-for-sale/labradors-for-sale/labradors-at-stud/28257,2026-01-24T17:18:14.256541,
28249,,ğŸ¶ Buyerâ€™s Checklist for Gun Dogs,Cocker Spaniels,300,,,,,,,,,,,,False,True,False,False,False,False,False,True,False,True,False,gundogs_direct,https://gundogsdirect.co.uk/dogs-for-sale/cocker-spaniels-for-sale/cocker-spaniel-at-stud/28249,2026-01-24T17:18:16.714272,
28228,,ğŸ¶ Buyerâ€™s Checklist for Gun Dogs,Labradors,325,,,,,,,,,,,,False,True,False,False,False,False,False,True,False,True,True,gundogs_direct,https://gundogsdirect.co.uk/dogs-for-sale/labradors-for-sale/labradors-at-stud/28228,2026-01-24T17:18:19.148117,
28225,,ğŸ¶ Buyerâ€™s Checklist for Gun Dogs,Cocker Spaniels,500,,,,,,,,,,,,False,False,False,False,False,False,False,False,False,False,False,gundogs_direct,https://gundogsdirect.co.uk/dogs-for-sale/cocker-spaniels-for-sale/cocker-spaniel-at-stud/28225,2026-01-24T17:18:21.606922,
28223,,ğŸ¶ Buyerâ€™s Checklist for Gun Dogs,Cocker Spaniels,400,,,,,,,,,,,,False,True,False,False,False,False,False,True,False,False,False,gundogs_direct,https://gundogsdirect.co.uk/dogs-for-sale/cocker-spaniels-for-sale/cocker-spaniel-at-stud/28223,2026-01-24T17:18:24.043600,
28215,,ğŸ¶ Buyerâ€™s Checklist for Gun Dogs,,300,,,,,,,,,,,,False,True,False,False,False,False,False,True,False,True,True,gundogs_direct,https://gundogsdirect.co.uk/dogs-for-sale/teckel/teckel-stud/28215,2026-01-24T17:18:26.495390,
28181,,ğŸ¶ Buyerâ€™s Checklist for Gun Dogs,Labradors,450,,,,,,,,,,,,False,True,False,False,False,False,False,False,False,False,False,gundogs_direct,https://gundogsdirect.co.uk/dogs-for-sale/labradors-for-sale/labradors-at-stud/28181,2026-01-24T17:18:29.083812,
28168,,ğŸ¶ Buyerâ€™s Checklist for Gun Dogs,Cocker Spaniels,450,,,,,,,,,,,,False,False,False,False,False,False,False,False,False,False,False,gundogs_direct,https://gundogsdirect.co.uk/dogs-for-sale/cocker-spaniels-for-sale/cocker-spaniel-at-stud/28168,2026-01-24T17:18:31.580867,
28163,,ğŸ¶ Buyerâ€™s Checklist for Gun Dogs,Cocker Spaniels,250,,,,,,,,,,,,False,True,False,False,False,False,False,True,False,True,False,gundogs_direct,https://gundogsdirect.co.uk/dogs-for-sale/cocker-spaniels-for-sale/cocker-spaniel-at-stud/28163,2026-01-24T17:18:33.998034,
28160,,ğŸ¶ Buyerâ€™s Checklist for Gun Dogs,Cocker Spaniels,350,,,,,,,,,,,,False,False,False,False,False,False,False,False,False,False,False,gundogs_direct,https://gundogsdirect.co.uk/dogs-for-sale/cocker-spaniels-for-sale/cocker-spaniel-at-stud/28160,2026-01-24T17:18:36.432696,
28152,,ğŸ¶ Buyerâ€™s Checklist for Gun Dogs,Cocker Spaniels,200,,,,,,,,,,,,False,False,False,False,False,False,False,True,False,False,False,gundogs_direct,https://gundogsdirect.co.uk/dogs-for-sale/cocker-spaniels-for-sale/cocker-spaniel-at-stud/28152,2026-01-24T17:18:38.872402,
28134,,ğŸ¶ Buyerâ€™s Checklist for Gun Dogs,Springer Spaniels,150,,,,,,,,,,,,False,True,False,False,False,False,False,True,False,False,False,gundogs_direct,https://gundogsdirect.co.uk/dogs-for-sale/springer-spaniels-for-sale/springer-spaniels-at-stud/28134,2026-01-24T17:18:41.417732,
28117,,ğŸ¶ Buyerâ€™s Checklist for Gun Dogs,Cocker Spaniels,400,,,,,,,,,,,,False,True,False,False,False,False,False,True,False,False,False,gundogs_direct,https://gundogsdirect.co.uk/dogs-for-sale/cocker-spaniels-for-sale/cocker-spaniel-at-stud/28117,2026-01-24T17:18:43.849398,
28115,,ğŸ¶ Buyerâ€™s Checklist for Gun Dogs,Labradors,650,,,,,,,,,,,,False,True,False,False,False,False,False,True,False,False,True,gundogs_direct,https://gundogsdirect.co.uk/dogs-for-sale/labradors-for-sale/labradors-at-stud/28115,2026-01-24T17:18:46.756141,
